{
  "schemaVersion": "3.0.0",
  "alignmentParams": {
    "excessBandwidth": 9,
    "terminalBandwidth": 100,
    "allowedMismatches": 4,
    "gapAlignmentSide": "right",
    "minSeedCover": 0.1
  },
  "compatibility": {
    "cli": "3.0.0-alpha.0",
    "web": "3.0.0-alpha.0"
  },
  "defaultCds": "NA",
  "files": {
    "changelog": "CHANGELOG.md",
    "examples": "sequences.fasta",
    "genomeAnnotation": "genome_annotation.gff3",
    "pathogenJson": "pathogen.json",
    "readme": "README.md",
    "reference": "reference.fasta",
    "treeJson": "tree.json"
  },
  "qc": {
    "privateMutations": {
      "enabled": true,
      "typical": 5,
      "cutoff": 15,
      "weightLabeledSubstitutions": 2,
      "weightReversionSubstitutions": 1,
      "weightUnlabeledSubstitutions": 1
    },
    "missingData": {
      "enabled": false,
      "missingDataThreshold": 100,
      "scoreBias": 10
    },
    "snpClusters": {
      "enabled": false,
      "windowSize": 100,
      "clusterCutOff": 5,
      "scoreWeight": 50
    },
    "mixedSites": {
      "enabled": true,
      "mixedSitesThreshold": 4
    },
    "frameShifts": {
      "enabled": true
    },
    "stopCodons": {
      "enabled": true,
      "ignoredStopCodons": []
    }
  },
  "cdsOrderPreference": [
    "NA"
  ],
  "maintenance": {
    "website": [
      "https://nextstrain.org",
      "https://clades.nextstrain.org"
    ],
    "documentation": [
      "https://github.com/nextstrain/seasonal-flu"
    ],
    "source code": [
      "https://github.com/nextstrain/seasonal_flu"
    ],
    "issues": [
      "https://github.com/nextstrain/seasonal_flu/issues"
    ],
    "organizations": [
      "Nextstrain"
    ],
    "authors": [
      "Nextstrain team <https://nextstrain.org>"
    ]
  },
  "nucMutLabelMap": {},
  "nucMutLabelMapReverse": {},
  "shortcuts": [
    "flu_h3n2_na",
    "nextstrain/flu/h3n2/na",
    "nextstrain/flu/h3n2/na/darwin-6-2021"
  ],
  "aaMotifs": [
    {
      "name": "glycosylation",
      "nameShort": "Glyc.",
      "nameFriendly": "Glycosylation",
      "description": "N-linked glycosylation motifs (N-X-S/T with X any amino acid other than P)",
      "includeCdses": [
        {
          "cds": "NA",
          "ranges": [
            {
              "begin": 33,
              "end": 470
            }
          ]
        }
      ],
      "motifs": [
        "N[^P][ST]"
      ]
    }
  ],
  "attributes": {
    "name": "Influenza A H3N2 NA",
    "segment": "na",
    "reference accession": "EPI1857215",
    "reference name": "A/Darwin/6/2021"
  },
  "version": {
    "updatedAt": "2025-01-22T09:54:14Z",
    "tag": "2025-01-22--09-54-14Z",
    "compatibility": {
      "cli": "3.0.0-alpha.0",
      "web": "3.0.0-alpha.0"
    }
  }
}
