{
  "schemaVersion": "3.0.0",
  "alignmentParams": {
    "excessBandwidth": 9,
    "terminalBandwidth": 100,
    "allowedMismatches": 4,
    "gapAlignmentSide": "right",
    "minSeedCover": 0.1
  },
  "compatibility": {
    "cli": "3.0.0-alpha.0",
    "web": "3.0.0-alpha.0"
  },
  "defaultCds": "HA1",
  "files": {
    "changelog": "CHANGELOG.md",
    "examples": "sequences.fasta",
    "genomeAnnotation": "genome_annotation.gff3",
    "pathogenJson": "pathogen.json",
    "readme": "README.md",
    "reference": "reference.fasta",
    "treeJson": "tree.json"
  },
  "qc": {
    "privateMutations": {
      "enabled": true,
      "typical": 5,
      "cutoff": 15,
      "weightLabeledSubstitutions": 2,
      "weightReversionSubstitutions": 1,
      "weightUnlabeledSubstitutions": 1
    },
    "missingData": {
      "enabled": false,
      "missingDataThreshold": 100,
      "scoreBias": 10
    },
    "snpClusters": {
      "enabled": false,
      "windowSize": 100,
      "clusterCutOff": 5,
      "scoreWeight": 50
    },
    "mixedSites": {
      "enabled": true,
      "mixedSitesThreshold": 4
    },
    "frameShifts": {
      "enabled": true
    },
    "stopCodons": {
      "enabled": true,
      "ignoredStopCodons": []
    }
  },
  "cdsOrderPreference": [
    "HA1",
    "HA2"
  ],
  "maintenance": {
    "website": [
      "https://nextstrain.org",
      "https://clades.nextstrain.org"
    ],
    "documentation": [
      "https://github.com/nextstrain/seasonal-flu"
    ],
    "source code": [
      "https://github.com/nextstrain/seasonal_flu"
    ],
    "issues": [
      "https://github.com/nextstrain/seasonal_flu/issues"
    ],
    "organizations": [
      "Nextstrain"
    ],
    "authors": [
      "Nextstrain team <https://nextstrain.org>"
    ]
  },
  "nucMutLabelMap": {},
  "nucMutLabelMapReverse": {},
  "shortcuts": [
    "flu_h3n2_ha",
    "nextstrain/flu/h3n2",
    "nextstrain/flu/h3n2/ha",
    "nextstrain/flu/h3n2/ha/darwin-6-2021"
  ],
  "phenotypeData": [
    {
      "name": "RBD",
      "nameFriendly": "RBD mutations",
      "description": "This column displays the number of differences between the sequence and the reference at positions identified by Koel et al. (145, 155, 156, 158, 159, 189, and 193 in HA1)",
      "cds": "HA1",
      "aaRange": {
        "begin": 100,
        "end": 200
      },
      "ignore": {
        "clades": [
          "outgroup"
        ]
      },
      "data": [
        {
          "name": "differences",
          "weight": 1,
          "locations": {
            "144": {
              "default": 1
            },
            "154": {
              "default": 1
            },
            "155": {
              "default": 1
            },
            "157": {
              "default": 1
            },
            "158": {
              "default": 1
            },
            "188": {
              "default": 1
            },
            "192": {
              "default": 1
            }
          }
        }
      ]
    }
  ],
  "aaMotifs": [
    {
      "name": "glycosylation",
      "nameShort": "Glyc.",
      "nameFriendly": "Glycosylation",
      "description": "N-linked glycosylation motifs (N-X-S/T with X any amino acid other than P)",
      "includeCdses": [
        {
          "cds": "HA1",
          "ranges": []
        },
        {
          "cds": "HA2",
          "ranges": [
            {
              "begin": 0,
              "end": 186
            }
          ]
        }
      ],
      "motifs": [
        "N[^P][ST]"
      ]
    }
  ],
  "attributes": {
    "name": "Influenza A H3N2 HA",
    "segment": "ha",
    "reference accession": "EPI1857216",
    "reference name": "A/Darwin/6/2021"
  },
  "version": {
    "updatedAt": "2025-01-22T09:54:14Z",
    "tag": "2025-01-22--09-54-14Z",
    "compatibility": {
      "cli": "3.0.0-alpha.0",
      "web": "3.0.0-alpha.0"
    }
  }
}
