{
  "schemaVersion": "3.0.0",
  "alignmentParams": {
    "excessBandwidth": 9,
    "terminalBandwidth": 100,
    "allowedMismatches": 4,
    "gapAlignmentSide": "left",
    "minSeedCover": 0.1
  },
  "compatibility": {
    "cli": "3.0.0-alpha.0",
    "web": "3.0.0-alpha.0"
  },
  "defaultCds": "F",
  "files": {
    "changelog": "CHANGELOG.md",
    "examples": "sequences.fasta",
    "genomeAnnotation": "genome_annotation.gff3",
    "pathogenJson": "pathogen.json",
    "readme": "README.md",
    "reference": "reference.fasta",
    "treeJson": "tree.json"
  },
  "qc": {
    "privateMutations": {
      "enabled": true,
      "typical": 50,
      "cutoff": 150,
      "weightLabeledSubstitutions": 2,
      "weightReversionSubstitutions": 1,
      "weightUnlabeledSubstitutions": 1
    },
    "missingData": {
      "enabled": false,
      "missingDataThreshold": 2000,
      "scoreBias": 500
    },
    "snpClusters": {
      "enabled": false,
      "windowSize": 100,
      "clusterCutOff": 10,
      "scoreWeight": 50
    },
    "mixedSites": {
      "enabled": true,
      "mixedSitesThreshold": 8
    },
    "frameShifts": {
      "enabled": true
    },
    "stopCodons": {
      "enabled": true,
      "ignoredStopCodons": []
    }
  },
  "cdsOrderPreference": [
    "F",
    "G",
    "L"
  ],
  "maintenance": {
    "website": [
      "https://nextstrain.org",
      "https://clades.nextstrain.org"
    ],
    "documentation": [
      "https://github.com/nextstrain/rsv"
    ],
    "source code": [
      "https://github.com/nextstrain/rsv"
    ],
    "issues": [
      "https://github.com/nextstrain/rsv/issues"
    ],
    "organizations": [
      "Nextstrain"
    ],
    "authors": [
      "Nextstrain team <https://nextstrain.org>"
    ]
  },
  "shortcuts": [
    "rsv_a",
    "nextstrain/rsv/a",
    "nextstrain/rsv/a/hRSV-A-England-397-2017"
  ],
  "attributes": {
    "name": "RSV-A",
    "reference accession": "EPI_ISL_412866",
    "reference name": "hRSV/A/England/397/2017"
  }
}