clade	gene	site	alt	status	count
1I	nuc	1398	G	added	1
1I	nuc	1648	G	removed	1
1I	nuc	6328	A	added	1
1I	nuc	6520	G	removed	1
1I	nuc	7531	T	removed	1
1I	nuc	8953	G	removed	1
1II	NS2A	129	I	removed	1
1II	NS2A	205	P	removed	1
1II	nuc	1600	T	added	1
1II	nuc	3433	G	removed	1
1II	nuc	3862	A	removed	1
1II	nuc	4088	C	removed	1
1II	nuc	448	G	maintained	1
1II	nuc	9778	G	removed	1
1III	nuc	10264	C	removed	1
1III	nuc	1309	T	removed	1
1III	nuc	3079	G	removed	1
1III	nuc	4528	C	maintained	1
1III	nuc	6322	C	maintained	1
1III	nuc	7102	G	removed	1
1III	nuc	7804	G	removed	1
1III	nuc	7900	T	removed	1
1III_A	NS1	278	N	removed	1
1III_A	nuc	10006	A	removed	1
1III_A	nuc	10066	C	removed	1
1III_A	nuc	1156	T	removed	1
1III_A	nuc	1264	G	removed	1
1III_A	nuc	1640	C	removed	1
1III_A	nuc	1856	C	removed	1
1III_A	nuc	1912	T	removed	1
1III_A	nuc	1942	A	removed	1
1III_A	nuc	2545	A	removed	1
1III_A	nuc	2812	T	removed	1
1III_A	nuc	3251	A	removed	1
1III_A	nuc	3676	A	removed	1
1III_A	nuc	3937	C	removed	1
1III_A	nuc	4013	C	removed	1
1III_A	nuc	4024	C	removed	1
1III_A	nuc	412	C	removed	1
1III_A	nuc	4426	C	removed	1
1III_A	nuc	4447	T	removed	1
1III_A	nuc	4915	T	removed	1
1III_A	nuc	5293	C	removed	1
1III_A	nuc	6205	A	removed	1
1III_A	nuc	6295	G	removed	1
1III_A	nuc	6547	A	removed	1
1III_A	nuc	6580	T	removed	1
1III_A	nuc	6715	T	removed	1
1III_A	nuc	7351	A	removed	1
1III_A	nuc	745	C	maintained	1
1III_A	nuc	7456	T	maintained	1
1III_A	nuc	7843	C	removed	1
1III_A	nuc	8398	T	removed	1
1III_A	nuc	8560	G	removed	1
1III_A	nuc	8632	T	removed	1
1III_A	nuc	9805	G	removed	1
1III_A	nuc	9892	G	removed	1
1III_A	nuc	991	A	removed	1
1III_A	nuc	9952	T	removed	1
1III_A.1	C	10	Q	removed	1
1III_A.1	NS1	77	Y	removed	1
1III_A.1	NS3	185	R	removed	1
1III_A.1	NS4A	2	I	removed	1
1III_A.1	NS5	127	Y	removed	1
1III_A.1	NS5	435	N	removed	1
1III_A.1	NS5	642	A	removed	1
1III_A.1	nuc	10258	G	maintained	1
1III_A.1	nuc	1174	C	removed	1
1III_A.1	nuc	1204	C	removed	1
1III_A.1	nuc	123	A	removed	1
1III_A.1	nuc	1255	G	removed	1
1III_A.1	nuc	1447	A	removed	1
1III_A.1	nuc	1489	T	removed	1
1III_A.1	nuc	1624	C	removed	1
1III_A.1	nuc	1852	C	removed	1
1III_A.1	nuc	2080	A	removed	1
1III_A.1	nuc	2557	C	removed	1
1III_A.1	nuc	2648	T	removed	1
1III_A.1	nuc	3499	C	removed	1
1III_A.1	nuc	3739	C	removed	1
1III_A.1	nuc	4870	A	removed	1
1III_A.1	nuc	496	T	removed	1
1III_A.1	nuc	5073	G	removed	1
1III_A.1	nuc	5353	C	removed	1
1III_A.1	nuc	541	T	removed	1
1III_A.1	nuc	5776	A	removed	1
1III_A.1	nuc	6301	C	removed	1
1III_A.1	nuc	631	C	removed	1
1III_A.1	nuc	6380	A	removed	1
1III_A.1	nuc	6457	T	removed	1
1III_A.1	nuc	6934	C	removed	1
1III_A.1	nuc	7048	C	removed	1
1III_A.1	nuc	7273	T	removed	1
1III_A.1	nuc	7519	G	removed	1
1III_A.1	nuc	7952	T	removed	1
1III_A.1	nuc	8587	G	maintained	1
1III_A.1	nuc	8876	A	removed	1
1III_A.1	nuc	9418	A	removed	1
1III_A.1	nuc	9498	C	removed	1
1III_A.1	nuc	9509	C	removed	1
1III_A.1	nuc	9619	T	removed	1
1III_A.1	nuc	967	T	removed	1
1III_A.1	nuc	9826	C	removed	1
1III_A.1	nuc	9916	T	removed	1
1III_A.2	E	428	M	removed	1
1III_A.2	NS3	349	H	removed	1
1III_A.2	NS5	181	V	removed	1
1III_A.2	NS5	559	Q	removed	1
1III_A.2	nuc	1198	A	removed	1
1III_A.2	nuc	1396	A	removed	1
1III_A.2	nuc	1486	T	removed	1
1III_A.2	nuc	1543	G	removed	1
1III_A.2	nuc	1591	C	removed	1
1III_A.2	nuc	1687	T	removed	1
1III_A.2	nuc	1846	T	removed	1
1III_A.2	nuc	2215	A	removed	1
1III_A.2	nuc	2216	A	maintained	1
1III_A.2	nuc	2227	A	removed	1
1III_A.2	nuc	2251	C	removed	1
1III_A.2	nuc	2497	T	removed	1
1III_A.2	nuc	2743	T	removed	1
1III_A.2	nuc	2818	T	removed	1
1III_A.2	nuc	3046	T	removed	1
1III_A.2	nuc	3139	G	removed	1
1III_A.2	nuc	3334	G	removed	1
1III_A.2	nuc	340	A	removed	1
1III_A.2	nuc	3442	A	removed	1
1III_A.2	nuc	3601	C	removed	1
1III_A.2	nuc	4252	C	removed	1
1III_A.2	nuc	4378	C	removed	1
1III_A.2	nuc	4573	C	removed	1
1III_A.2	nuc	4915	G	maintained	1
1III_A.2	nuc	5002	T	removed	1
1III_A.2	nuc	5005	T	removed	1
1III_A.2	nuc	5023	C	removed	1
1III_A.2	nuc	5368	T	removed	1
1III_A.2	nuc	5389	T	removed	1
1III_A.2	nuc	5437	C	removed	1
1III_A.2	nuc	5560	G	removed	1
1III_A.2	nuc	5564	C	removed	1
1III_A.2	nuc	6154	C	removed	1
1III_A.2	nuc	6274	G	removed	1
1III_A.2	nuc	6335	T	removed	1
1III_A.2	nuc	6367	G	removed	1
1III_A.2	nuc	6707	T	removed	1
1III_A.2	nuc	6820	A	removed	1
1III_A.2	nuc	709	C	removed	1
1III_A.2	nuc	7622	T	removed	1
1III_A.2	nuc	7654	C	removed	1
1III_A.2	nuc	7876	A	removed	1
1III_A.2	nuc	8114	G	removed	1
1III_A.2	nuc	8398	C	removed	1
1III_A.2	nuc	8434	C	removed	1
1III_A.2	nuc	8509	G	removed	1
1III_A.2	nuc	9157	C	removed	1
1III_A.2	nuc	9248	C	removed	1
1III_A.2	nuc	9304	G	removed	1
1III_A.2	nuc	9319	G	removed	1
1III_A.2	nuc	9553	T	removed	1
1III_A.3	NS1	127	E	removed	1
1III_A.3	NS3	91	M	removed	1
1III_A.3	NS4A	20	K	removed	1
1III_A.3	NS5	873	V	removed	1
1III_A.3	nuc	10190	G	removed	1
1III_A.3	nuc	1178	T	removed	1
1III_A.3	nuc	1513	C	removed	1
1III_A.3	nuc	1574	T	removed	1
1III_A.3	nuc	2146	T	removed	1
1III_A.3	nuc	2800	A	maintained	1
1III_A.3	nuc	3217	A	removed	1
1III_A.3	nuc	3283	C	removed	1
1III_A.3	nuc	3472	C	removed	1
1III_A.3	nuc	3496	C	removed	1
1III_A.3	nuc	3760	G	removed	1
1III_A.3	nuc	4090	T	removed	1
1III_A.3	nuc	4252	C	removed	1
1III_A.3	nuc	4633	A	removed	1
1III_A.3	nuc	4791	T	removed	1
1III_A.3	nuc	5707	A	removed	1
1III_A.3	nuc	5842	T	removed	1
1III_A.3	nuc	5962	C	removed	1
1III_A.3	nuc	6028	G	removed	1
1III_A.3	nuc	6121	T	removed	1
1III_A.3	nuc	6424	C	removed	1
1III_A.3	nuc	6435	A	removed	1
1III_A.3	nuc	6449	C	removed	1
1III_A.3	nuc	6772	C	maintained	1
1III_A.3	nuc	8227	T	removed	1
1III_A.3	nuc	8797	C	removed	1
1III_A.3	nuc	9049	C	removed	1
1III_A.3	nuc	9331	G	removed	1
1III_A.3	nuc	9661	T	removed	1
1III_A.4	NS3	117	M	removed	1
1III_A.4	nuc	2056	C	removed	1
1III_A.4	nuc	2182	G	removed	1
1III_A.4	nuc	2677	C	removed	1
1III_A.4	nuc	2800	C	removed	1
1III_A.4	nuc	3242	T	removed	1
1III_A.4	nuc	3706	G	removed	1
1III_A.4	nuc	4858	A	removed	1
1III_A.4	nuc	4869	T	maintained	1
1III_A.4	nuc	5806	T	removed	1
1III_A.4	nuc	5893	A	removed	1
1III_A.4	nuc	6019	C	removed	1
1III_A.4	nuc	6031	A	removed	1
1III_A.4	nuc	6250	T	removed	1
1III_A.4	nuc	6425	C	removed	1
1III_A.4	nuc	6923	C	maintained	1
1III_A.4	nuc	7382	A	removed	1
1III_A.4	nuc	7576	C	removed	1
1III_A.4	nuc	7585	C	removed	1
1III_A.4	nuc	7631	T	removed	1
1III_A.4	nuc	9265	C	removed	1
1III_A.4	nuc	9298	A	removed	1
1III_A.4	nuc	9358	A	removed	1
1III_A.4	nuc	9874	T	removed	1
1III_B	nuc	1151	C	added	1
1III_B	nuc	4999	A	removed	1
1III_B	nuc	625	C	added	1
1III_B	nuc	7450	T	removed	1
1IV	nuc	1462	A	added	1
1IV	nuc	2527	C	removed	1
1IV	nuc	3739	A	maintained	1
1IV	nuc	4597	C	removed	1
1IV	nuc	8842	G	removed	1
1IV_A	nuc	1354	C	added	1
1IV_A	nuc	811	A	removed	1
1IV_A	nuc	8467	G	removed	1
1IV_A	nuc	9301	T	removed	1
1IV_A	nuc	955	A	added	1
1IV_B	E	436	I	removed	1
1IV_B	nuc	10048	C	removed	1
1IV_B	nuc	1192	G	removed	1
1IV_B	nuc	1363	A	removed	1
1IV_B	nuc	1481	T	removed	1
1IV_B	nuc	1672	A	removed	1
1IV_B	nuc	1846	G	removed	1
1IV_B	nuc	2038	A	removed	1
1IV_B	nuc	2068	T	removed	1
1IV_B	nuc	2215	G	removed	1
1IV_B	nuc	2240	A	removed	1
1IV_B	nuc	2257	G	removed	1
1IV_B	nuc	230	T	removed	1
1IV_B	nuc	2494	C	removed	1
1IV_B	nuc	2536	T	removed	1
1IV_B	nuc	2551	G	removed	1
1IV_B	nuc	3229	G	removed	1
1IV_B	nuc	3238	A	maintained	1
1IV_B	nuc	3256	A	removed	1
1IV_B	nuc	3271	T	removed	1
1IV_B	nuc	3749	C	removed	1
1IV_B	nuc	3751	G	removed	1
1IV_B	nuc	4015	A	removed	1
1IV_B	nuc	4058	T	removed	1
1IV_B	nuc	4132	C	removed	1
1IV_B	nuc	4180	T	removed	1
1IV_B	nuc	4264	T	removed	1
1IV_B	nuc	499	A	removed	1
1IV_B	nuc	5359	T	removed	1
1IV_B	nuc	5419	T	removed	1
1IV_B	nuc	5581	T	removed	1
1IV_B	nuc	5797	G	removed	1
1IV_B	nuc	5833	C	removed	1
1IV_B	nuc	5881	C	removed	1
1IV_B	nuc	6448	C	removed	1
1IV_B	nuc	6463	T	removed	1
1IV_B	nuc	6604	G	removed	1
1IV_B	nuc	6679	A	removed	1
1IV_B	nuc	6745	G	maintained	1
1IV_B	nuc	6784	C	removed	1
1IV_B	nuc	6797	C	removed	1
1IV_B	nuc	6842	C	removed	1
1IV_B	nuc	6859	G	removed	1
1IV_B	nuc	6898	T	removed	1
1IV_B	nuc	7198	C	removed	1
1IV_B	nuc	7372	C	removed	1
1IV_B	nuc	7417	A	removed	1
1IV_B	nuc	7648	C	removed	1
1IV_B	nuc	7708	A	removed	1
1IV_B	nuc	7723	G	removed	1
1IV_B	nuc	7726	T	removed	1
1IV_B	nuc	8002	C	removed	1
1IV_B	nuc	8150	T	removed	1
1IV_B	nuc	8371	A	removed	1
1IV_B	nuc	901	T	removed	1
1IV_B	nuc	9322	G	removed	1
1IV_B.1	nuc	1534	G	added	1
1IV_B.1	nuc	2155	C	removed	1
1IV_B.1	nuc	451	T	maintained	1
1IV_B.2	NS1	131	T	removed	1
1IV_B.2	nuc	2811	C	removed	1
1IV_B.2	nuc	4054	C	maintained	1
1IV_B.2	nuc	4477	T	added	1
1IV_C	NS2A	67	M	removed	1
1IV_C	nuc	1795	G	added	1
1IV_C	nuc	3675	T	removed	1
1IV_C	nuc	7477	T	removed	1
1IV_C	nuc	8698	A	added	1
1I_A	nuc	1962	G	added	1
1I_A	nuc	6520	T	removed	1
1I_A	nuc	7216	G	maintained	1
1I_B	E	351	V	removed	1
1I_B	nuc	1985	G	maintained	1
1I_B	nuc	523	T	added	1
1I_B	nuc	7483	C	removed	1
1I_B	nuc	8090	C	removed	1
1I_B.1	NS1	246	L	removed	1
1I_B.1	nuc	2086	G	added	1
1I_B.1	nuc	3155	C	removed	1
1I_B.1	nuc	7750	T	added	1
1I_B.2	NS2A	159	C	removed	1
1I_B.2	nuc	3951	G	maintained	1
1I_B.2	nuc	9568	T	maintained	1
1I_C	E	83	M	removed	1
1I_C	NS2B	13	V	removed	1
1I_C	NS5	435	Q	removed	1
1I_C	NS5	892	G	removed	1
1I_C	nuc	10247	G	removed	1
1I_C	nuc	1181	A	removed	1
1I_C	nuc	235	A	maintained	1
1I_C	nuc	3397	G	removed	1
1I_C	nuc	3569	T	removed	1
1I_C	nuc	4166	G	maintained	1
1I_C	nuc	5968	C	removed	1
1I_C	nuc	8356	T	removed	1
1I_C	nuc	8878	A	removed	1
1I_C	nuc	9721	A	removed	1
1I_D	M	107	A	removed	1
1I_D	M	59	V	removed	1
1I_D	NS2A	178	L	removed	1
1I_D	NS4A	93	A	removed	1
1I_D	nuc	2383	T	removed	1
1I_D	nuc	2602	C	removed	1
1I_D	nuc	2725	G	removed	1
1I_D	nuc	3010	T	removed	1
1I_D	nuc	3109	C	removed	1
1I_D	nuc	4007	C	removed	1
1I_D	nuc	4264	A	maintained	1
1I_D	nuc	457	A	removed	1
1I_D	nuc	4951	G	removed	1
1I_D	nuc	5338	T	removed	1
1I_D	nuc	5416	A	removed	1
1I_D	nuc	595	T	removed	1
1I_D	nuc	5980	C	removed	1
1I_D	nuc	6052	A	removed	1
1I_D	nuc	612	T	removed	1
1I_D	nuc	6196	C	removed	1
1I_D	nuc	6654	C	removed	1
1I_D	nuc	7132	A	removed	1
1I_D	nuc	755	G	removed	1
1I_D	nuc	7672	A	removed	1
1I_D	nuc	7708	A	removed	1
1I_D	nuc	8392	G	removed	1
1I_D	nuc	9148	T	removed	1
1I_D	nuc	925	T	maintained	1
1I_D	nuc	9859	A	removed	1
1I_E	C	75	S	removed	1
1I_E	NS2A	218	R	removed	1
1I_E	NS5	378	K	removed	1
1I_E	NS5	551	R	removed	1
1I_E	NS5	787	I	removed	1
1I_E	nuc	1363	T	removed	1
1I_E	nuc	1369	C	removed	1
1I_E	nuc	1789	C	removed	1
1I_E	nuc	2008	T	removed	1
1I_E	nuc	2071	A	removed	1
1I_E	nuc	2647	T	removed	1
1I_E	nuc	2668	T	removed	1
1I_E	nuc	2719	A	removed	1
1I_E	nuc	2722	G	removed	1
1I_E	nuc	2938	T	removed	1
1I_E	nuc	318	G	removed	1
1I_E	nuc	3211	A	removed	1
1I_E	nuc	3367	C	removed	1
1I_E	nuc	3448	A	removed	1
1I_E	nuc	3628	C	removed	1
1I_E	nuc	3730	G	removed	1
1I_E	nuc	3754	T	removed	1
1I_E	nuc	4069	C	removed	1
1I_E	nuc	4128	G	removed	1
1I_E	nuc	4486	C	removed	1
1I_E	nuc	4543	C	removed	1
1I_E	nuc	4642	C	removed	1
1I_E	nuc	4792	A	removed	1
1I_E	nuc	505	C	removed	1
1I_E	nuc	5401	T	removed	1
1I_E	nuc	5455	A	removed	1
1I_E	nuc	5719	C	removed	1
1I_E	nuc	5776	A	removed	1
1I_E	nuc	5860	A	removed	1
1I_E	nuc	610	A	removed	1
1I_E	nuc	613	T	maintained	1
1I_E	nuc	6337	A	removed	1
1I_E	nuc	6370	G	maintained	1
1I_E	nuc	640	T	removed	1
1I_E	nuc	6583	A	removed	1
1I_E	nuc	6625	T	removed	1
1I_E	nuc	6640	A	removed	1
1I_E	nuc	7648	T	removed	1
1I_E	nuc	7706	T	removed	1
1I_E	nuc	7957	T	removed	1
1I_E	nuc	8706	A	removed	1
1I_E	nuc	8752	C	removed	1
1I_E	nuc	8878	T	removed	1
1I_E	nuc	9225	G	removed	1
1I_E	nuc	9932	A	removed	1
1I_E.1	E	52	D	removed	1
1I_E.1	NS4A	76	K	removed	1
1I_E.1	nuc	1088	G	removed	1
1I_E.1	nuc	2563	A	removed	1
1I_E.1	nuc	2770	T	removed	1
1I_E.1	nuc	4447	C	removed	1
1I_E.1	nuc	4969	C	removed	1
1I_E.1	nuc	5281	G	removed	1
1I_E.1	nuc	5617	C	removed	1
1I_E.1	nuc	6603	A	removed	1
1I_E.1	nuc	6631	T	maintained	1
1I_E.1	nuc	6931	C	maintained	1
1I_E.1.1	M	148	T	removed	1
1I_E.1.1	NS3	170	T	removed	1
1I_E.1.1	NS3	349	H	removed	1
1I_E.1.1	NS5	39	F	removed	1
1I_E.1.1	nuc	1852	T	removed	1
1I_E.1.1	nuc	2667	G	added	1
1I_E.1.1	nuc	3227	T	removed	1
1I_E.1.1	nuc	3865	T	removed	1
1I_E.1.1	nuc	4072	G	removed	1
1I_E.1.1	nuc	5027	A	removed	1
1I_E.1.1	nuc	5564	C	removed	1
1I_E.1.1	nuc	5692	C	removed	1
1I_E.1.1	nuc	6505	C	removed	1
1I_E.1.1	nuc	7689	T	removed	1
1I_E.1.1	nuc	8233	A	removed	1
1I_E.1.1	nuc	879	C	maintained	1
1I_E.1.1	nuc	9259	G	removed	1
1I_E.1.2	NS1	256	N	removed	1
1I_E.1.2	NS3	210	H	removed	1
1I_E.1.2	nuc	3185	A	maintained	1
1I_E.1.2	nuc	3236	C	removed	1
1I_E.1.2	nuc	5148	A	maintained	1
1I_E.1.2	nuc	5500	A	removed	1
1I_E.1.2	nuc	5764	G	removed	1
1I_E.2	NS4A	93	A	removed	1
1I_E.2	NS5	130	R	removed	1
1I_E.2	NS5	382	A	removed	1
1I_E.2	nuc	10018	G	removed	1
1I_E.2	nuc	1006	G	removed	1
1I_E.2	nuc	1318	A	removed	1
1I_E.2	nuc	1999	T	removed	1
1I_E.2	nuc	2890	T	removed	1
1I_E.2	nuc	3091	T	removed	1
1I_E.2	nuc	3538	A	removed	1
1I_E.2	nuc	4495	T	removed	1
1I_E.2	nuc	4672	C	removed	1
1I_E.2	nuc	4828	A	removed	1
1I_E.2	nuc	5230	A	removed	1
1I_E.2	nuc	5617	C	removed	1
1I_E.2	nuc	6566	C	removed	1
1I_E.2	nuc	6654	C	removed	1
1I_E.2	nuc	7387	C	removed	1
1I_E.2	nuc	7657	C	maintained	1
1I_E.2	nuc	7960	A	removed	1
1I_E.2	nuc	7962	G	removed	1
1I_E.2	nuc	8062	T	removed	1
1I_E.2	nuc	8288	T	removed	1
1I_E.2	nuc	8527	T	removed	1
1I_E.2	nuc	8572	T	removed	1
1I_E.2	nuc	8680	G	removed	1
1I_E.2	nuc	8718	C	maintained	1
1I_E.2	nuc	8830	T	removed	1
1I_E.2	nuc	9589	A	removed	1
1I_E.3	nuc	4420	C	maintained	1
1I_E.3	nuc	5257	G	maintained	1
1I_E.3	nuc	6010	C	removed	1
1I_E.3	nuc	9406	T	removed	1
1I_E.4	NS5	265	V	removed	1
1I_E.4	nuc	3076	G	added	1
1I_E.4	nuc	8367	T	maintained	1
1I_F	NS3	462	V	removed	1
1I_F	nuc	10084	C	removed	1
1I_F	nuc	3109	C	removed	1
1I_F	nuc	3493	T	removed	1
1I_F	nuc	5386	T	removed	1
1I_F	nuc	5903	G	removed	1
1I_F	nuc	6211	T	maintained	1
1I_F	nuc	6400	G	removed	1
1I_F	nuc	7888	G	maintained	1
1I_F	nuc	8098	T	removed	1
1I_F	nuc	9260	T	removed	1
1I_G	NS5	378	K	removed	1
1I_G	NS5	649	H	removed	1
1I_G	nuc	10255	T	removed	1
1I_G	nuc	109	G	removed	1
1I_G	nuc	1442	T	added	1
1I_G	nuc	5617	C	removed	1
1I_G	nuc	5689	T	removed	1
1I_G	nuc	7045	G	removed	1
1I_G	nuc	7780	T	removed	1
1I_G	nuc	7849	C	removed	1
1I_G	nuc	7948	A	removed	1
1I_G	nuc	8706	A	removed	1
1I_G	nuc	9518	C	removed	1
1I_G	nuc	9631	T	maintained	1
1I_H	NS1	131	S	removed	1
1I_H	nuc	10085	C	removed	1
1I_H	nuc	1381	T	removed	1
1I_H	nuc	2359	C	removed	1
1I_H	nuc	2810	T	removed	1
1I_H	nuc	2824	T	removed	1
1I_H	nuc	3091	T	removed	1
1I_H	nuc	5599	C	removed	1
1I_H	nuc	6398	C	maintained	1
1I_H	nuc	8065	T	maintained	1
1I_H	nuc	9592	C	removed	1
1I_H.1	C	100	K	removed	1
1I_H.1	NS1	117	N	removed	1
1I_H.1	NS1	144	S	removed	1
1I_H.1	NS3	12	K	removed	1
1I_H.1	nuc	10084	C	removed	1
1I_H.1	nuc	10090	G	removed	1
1I_H.1	nuc	1055	C	removed	1
1I_H.1	nuc	1144	T	removed	1
1I_H.1	nuc	1505	T	removed	1
1I_H.1	nuc	2446	G	removed	1
1I_H.1	nuc	2769	A	removed	1
1I_H.1	nuc	2770	T	removed	1
1I_H.1	nuc	2849	T	removed	1
1I_H.1	nuc	3242	T	removed	1
1I_H.1	nuc	393	A	removed	1
1I_H.1	nuc	4237	T	removed	1
1I_H.1	nuc	4369	C	removed	1
1I_H.1	nuc	4553	A	removed	1
1I_H.1	nuc	4660	T	removed	1
1I_H.1	nuc	4852	G	removed	1
1I_H.1	nuc	4918	T	removed	1
1I_H.1	nuc	4930	C	removed	1
1I_H.1	nuc	4951	G	removed	1
1I_H.1	nuc	5071	C	removed	1
1I_H.1	nuc	5515	C	removed	1
1I_H.1	nuc	5686	G	removed	1
1I_H.1	nuc	5770	C	removed	1
1I_H.1	nuc	6298	C	maintained	1
1I_H.1	nuc	6526	T	removed	1
1I_H.1	nuc	7138	C	maintained	1
1I_H.1	nuc	7346	C	removed	1
1I_H.1	nuc	7447	A	removed	1
1I_H.1	nuc	8572	T	removed	1
1I_H.1	nuc	8695	A	removed	1
1I_H.1	nuc	9592	T	removed	1
1I_H.1	nuc	9940	T	removed	1
1I_H.1	nuc	9952	T	removed	1
1I_H.2	M	89	E	removed	1
1I_H.2	NS1	247	H	removed	1
1I_H.2	NS2B	122	H	removed	1
1I_H.2	NS5	629	L	removed	1
1I_H.2	nuc	1939	T	removed	1
1I_H.2	nuc	2017	G	removed	1
1I_H.2	nuc	2473	T	removed	1
1I_H.2	nuc	2557	T	removed	1
1I_H.2	nuc	3016	C	maintained	1
1I_H.2	nuc	3158	C	removed	1
1I_H.2	nuc	3868	C	removed	1
1I_H.2	nuc	3956	C	removed	1
1I_H.2	nuc	4099	A	removed	1
1I_H.2	nuc	4333	A	removed	1
1I_H.2	nuc	4493	C	removed	1
1I_H.2	nuc	4531	G	removed	1
1I_H.2	nuc	532	T	removed	1
1I_H.2	nuc	5359	T	removed	1
1I_H.2	nuc	5704	T	removed	1
1I_H.2	nuc	6145	C	removed	1
1I_H.2	nuc	6458	T	removed	1
1I_H.2	nuc	6550	T	maintained	1
1I_H.2	nuc	6721	A	removed	1
1I_H.2	nuc	703	A	removed	1
1I_H.2	nuc	7504	T	removed	1
1I_H.2	nuc	7813	T	removed	1
1I_H.2	nuc	8947	A	removed	1
1I_H.2	nuc	8953	A	removed	1
1I_H.2	nuc	9028	T	removed	1
1I_H.2	nuc	9459	T	removed	1
1I_H.3	nuc	1780	T	removed	1
1I_H.3	nuc	2099	T	removed	1
1I_H.3	nuc	2350	T	removed	1
1I_H.3	nuc	2515	T	removed	1
1I_H.3	nuc	3091	C	removed	1
1I_H.3	nuc	3199	C	removed	1
1I_H.3	nuc	424	C	removed	1
1I_H.3	nuc	4901	T	removed	1
1I_H.3	nuc	5116	A	removed	1
1I_H.3	nuc	5221	G	maintained	1
1I_H.3	nuc	5437	T	removed	1
1I_H.3	nuc	5515	C	removed	1
1I_H.3	nuc	6554	C	removed	1
1I_H.3	nuc	6652	T	removed	1
1I_H.3	nuc	6727	A	removed	1
1I_H.3	nuc	6805	T	removed	1
1I_H.3	nuc	823	G	maintained	1
1I_H.3	nuc	8950	G	removed	1
1I_H.3	nuc	9550	T	removed	1
1I_H.3	nuc	9952	T	removed	1
1I_J	NS4A	45	L	removed	1
1I_J	NS5	833	E	removed	1
1I_J	nuc	10071	A	removed	1
1I_J	nuc	1243	C	removed	1
1I_J	nuc	1444	A	maintained	1
1I_J	nuc	1574	T	removed	1
1I_J	nuc	2399	T	removed	1
1I_J	nuc	2725	G	removed	1
1I_J	nuc	4858	A	removed	1
1I_J	nuc	6509	C	maintained	1
1I_J	nuc	6928	C	removed	1
1I_J	nuc	8288	T	removed	1
1I_J	nuc	8953	A	removed	1
1I_K	nuc	1030	T	removed	1
1I_K	nuc	1996	C	removed	1
1I_K	nuc	2392	G	maintained	1
1I_K	nuc	2719	A	removed	1
1I_K	nuc	3749	C	removed	1
1I_K	nuc	5695	C	removed	1
1I_K	nuc	7279	C	removed	1
1I_K	nuc	8797	C	removed	1
1I_K	nuc	8965	T	removed	1
1I_K	nuc	898	C	removed	1
1I_K	nuc	9535	A	removed	1
1I_K	nuc	9838	A	maintained	1
1I_K.1	NS5	640	K	removed	1
1I_K.1	nuc	10261	A	removed	1
1I_K.1	nuc	1144	T	removed	1
1I_K.1	nuc	1789	C	removed	1
1I_K.1	nuc	2563	A	removed	1
1I_K.1	nuc	2566	G	removed	1
1I_K.1	nuc	2719	G	removed	1
1I_K.1	nuc	2731	C	removed	1
1I_K.1	nuc	286	G	removed	1
1I_K.1	nuc	368	C	removed	1
1I_K.1	nuc	3778	C	removed	1
1I_K.1	nuc	3823	G	removed	1
1I_K.1	nuc	3920	C	removed	1
1I_K.1	nuc	4013	C	removed	1
1I_K.1	nuc	4993	C	removed	1
1I_K.1	nuc	5449	G	maintained	1
1I_K.1	nuc	5470	T	removed	1
1I_K.1	nuc	5932	C	removed	1
1I_K.1	nuc	6046	T	removed	1
1I_K.1	nuc	6190	A	removed	1
1I_K.1	nuc	6610	G	maintained	1
1I_K.1	nuc	7331	T	removed	1
1I_K.1	nuc	7355	T	removed	1
1I_K.1	nuc	748	G	removed	1
1I_K.1	nuc	7517	T	removed	1
1I_K.1	nuc	9028	T	removed	1
1I_K.1	nuc	9491	A	removed	1
1I_K.1	nuc	9595	T	removed	1
1I_K.1	nuc	9655	G	removed	1
1I_K.1.1	nuc	262	C	maintained	1
1I_K.1.1	nuc	6646	C	removed	1
1I_K.1.1	nuc	961	A	maintained	1
1I_K.1.1	nuc	9961	A	removed	1
1I_K.1.1.1	E	225	A	removed	1
1I_K.1.1.1	nuc	1607	G	maintained	1
1I_K.1.1.1	nuc	4387	T	maintained	1
1I_K.1.1.2	M	28	L	removed	1
1I_K.1.1.2	NS3	480	I	removed	1
1I_K.1.1.2	NS5	435	R	removed	1
1I_K.1.1.2	nuc	1624	C	removed	1
1I_K.1.1.2	nuc	2326	T	removed	1
1I_K.1.1.2	nuc	2386	G	maintained	1
1I_K.1.1.2	nuc	2476	C	removed	1
1I_K.1.1.2	nuc	3394	G	removed	1
1I_K.1.1.2	nuc	4174	T	removed	1
1I_K.1.1.2	nuc	4211	T	removed	1
1I_K.1.1.2	nuc	4352	C	removed	1
1I_K.1.1.2	nuc	4735	T	removed	1
1I_K.1.1.2	nuc	4867	C	removed	1
1I_K.1.1.2	nuc	4966	C	removed	1
1I_K.1.1.2	nuc	519	T	removed	1
1I_K.1.1.2	nuc	5957	A	removed	1
1I_K.1.1.2	nuc	5980	C	removed	1
1I_K.1.1.2	nuc	6172	C	removed	1
1I_K.1.1.2	nuc	6763	A	removed	1
1I_K.1.1.2	nuc	7198	C	removed	1
1I_K.1.1.2	nuc	7228	C	removed	1
1I_K.1.1.2	nuc	7639	A	removed	1
1I_K.1.1.2	nuc	7816	A	removed	1
1I_K.1.1.2	nuc	7969	G	removed	1
1I_K.1.1.2	nuc	853	C	removed	1
1I_K.1.1.2	nuc	8704	A	maintained	1
1I_K.1.1.2	nuc	8711	C	removed	1
1I_K.1.1.2	nuc	8877	G	removed	1
1I_K.1.1.2	nuc	8953	A	removed	1
1I_K.1.1.2	nuc	8971	A	removed	1
1I_K.1.2	NS5	877	S	removed	1
1I_K.1.2	nuc	10203	G	maintained	1
1I_K.1.2	nuc	8320	T	maintained	1
1I_K.2	nuc	3085	G	removed	1
1I_K.2	nuc	3694	C	maintained	1
1I_K.2	nuc	8632	A	added	1
1I_K.3	NS1	323	Y	removed	1
1I_K.3	NS5	231	I	removed	1
1I_K.3	NS5	285	C	removed	1
1I_K.3	NS5	525	S	removed	1
1I_K.3	NS5	554	E	removed	1
1I_K.3	NS5	562	Q	removed	1
1I_K.3	nuc	1000	C	removed	1
1I_K.3	nuc	1123	C	removed	1
1I_K.3	nuc	124	G	removed	1
1I_K.3	nuc	1363	T	removed	1
1I_K.3	nuc	1513	C	removed	1
1I_K.3	nuc	2068	T	removed	1
1I_K.3	nuc	2330	T	removed	1
1I_K.3	nuc	244	T	removed	1
1I_K.3	nuc	2725	G	removed	1
1I_K.3	nuc	2803	G	removed	1
1I_K.3	nuc	3187	T	removed	1
1I_K.3	nuc	3387	A	removed	1
1I_K.3	nuc	3406	T	removed	1
1I_K.3	nuc	373	C	removed	1
1I_K.3	nuc	3976	G	removed	1
1I_K.3	nuc	3982	C	removed	1
1I_K.3	nuc	4171	T	removed	1
1I_K.3	nuc	4237	T	removed	1
1I_K.3	nuc	4249	G	removed	1
1I_K.3	nuc	4273	G	removed	1
1I_K.3	nuc	4336	C	removed	1
1I_K.3	nuc	4463	C	removed	1
1I_K.3	nuc	4699	C	removed	1
1I_K.3	nuc	4708	A	removed	1
1I_K.3	nuc	4729	T	removed	1
1I_K.3	nuc	6379	T	removed	1
1I_K.3	nuc	6655	G	removed	1
1I_K.3	nuc	685	A	maintained	1
1I_K.3	nuc	694	C	removed	1
1I_K.3	nuc	8089	T	removed	1
1I_K.3	nuc	8134	T	removed	1
1I_K.3	nuc	8185	G	removed	1
1I_K.3	nuc	8200	C	removed	1
1I_K.3	nuc	8264	A	removed	1
1I_K.3	nuc	8426	T	removed	1
1I_K.3	nuc	8427	G	removed	1
1I_K.3	nuc	9055	T	removed	1
1I_K.3	nuc	9146	T	removed	1
1I_K.3	nuc	9235	G	maintained	1
1I_K.3	nuc	9258	A	removed	1
1I_K.3	nuc	9379	A	removed	1
1I_K.3	nuc	9602	C	removed	1
1I_K.3	nuc	9790	G	removed	1
1I_K.4	NS3	462	V	removed	1
1I_K.4	NS5	370	T	removed	1
1I_K.4	nuc	1111	A	removed	1
1I_K.4	nuc	1327	G	removed	1
1I_K.4	nuc	1457	T	removed	1
1I_K.4	nuc	160	T	removed	1
1I_K.4	nuc	1906	C	removed	1
1I_K.4	nuc	1939	T	removed	1
1I_K.4	nuc	2014	T	removed	1
1I_K.4	nuc	3274	C	removed	1
1I_K.4	nuc	4060	G	removed	1
1I_K.4	nuc	4078	T	removed	1
1I_K.4	nuc	4186	C	removed	1
1I_K.4	nuc	4618	A	removed	1
1I_K.4	nuc	4792	A	removed	1
1I_K.4	nuc	5903	G	removed	1
1I_K.4	nuc	6304	T	maintained	1
1I_K.4	nuc	6388	A	maintained	1
1I_K.4	nuc	6469	A	removed	1
1I_K.4	nuc	7048	C	removed	1
1I_K.4	nuc	7717	G	removed	1
1I_K.4	nuc	8350	T	removed	1
1I_K.4	nuc	8681	A	removed	1
1I_K.4	nuc	9781	A	removed	1
1I_K.5	NS3	467	S	removed	1
1I_K.5	nuc	10006	A	removed	1
1I_K.5	nuc	2399	C	removed	1
1I_K.5	nuc	2731	C	removed	1
1I_K.5	nuc	2866	T	removed	1
1I_K.5	nuc	3469	T	removed	1
1I_K.5	nuc	3712	T	removed	1
1I_K.5	nuc	3955	T	removed	1
1I_K.5	nuc	3956	C	removed	1
1I_K.5	nuc	4825	G	removed	1
1I_K.5	nuc	5919	G	removed	1
1I_K.5	nuc	6106	G	removed	1
1I_K.5	nuc	6121	C	removed	1
1I_K.5	nuc	6463	C	removed	1
1I_K.5	nuc	6694	A	removed	1
1I_K.5	nuc	7201	T	maintained	1
1I_K.5	nuc	7756	G	removed	1
1I_K.5	nuc	7882	C	removed	1
1I_K.5	nuc	8020	A	removed	1
1I_K.5	nuc	8083	G	removed	1
1I_K.5	nuc	8869	T	removed	1
1I_K.5	nuc	9064	T	removed	1
1I_K.5	nuc	9235	T	removed	1
1I_K.5	nuc	9586	C	maintained	1
1I_K.6	NS2A	114	A	removed	1
1I_K.6	nuc	1228	T	removed	1
1I_K.6	nuc	1384	A	removed	1
1I_K.6	nuc	1972	T	removed	1
1I_K.6	nuc	2008	T	removed	1
1I_K.6	nuc	2023	G	removed	1
1I_K.6	nuc	2122	T	removed	1
1I_K.6	nuc	2716	G	removed	1
1I_K.6	nuc	3816	C	removed	1
1I_K.6	nuc	4270	T	removed	1
1I_K.6	nuc	5045	T	removed	1
1I_K.6	nuc	5275	T	removed	1
1I_K.6	nuc	5329	T	removed	1
1I_K.6	nuc	5356	T	removed	1
1I_K.6	nuc	6085	A	removed	1
1I_K.6	nuc	625	T	removed	1
1I_K.6	nuc	6622	C	removed	1
1I_K.6	nuc	6892	C	removed	1
1I_K.6	nuc	7414	G	removed	1
1I_K.6	nuc	7840	T	removed	1
1I_K.6	nuc	826	T	removed	1
1I_K.6	nuc	8362	C	removed	1
1I_K.6	nuc	8638	G	maintained	1
1I_K.6	nuc	8887	A	removed	1
1I_K.6	nuc	8954	T	removed	1
1I_K.6	nuc	9040	A	maintained	1
1I_K.6	nuc	9121	C	removed	1
1I_K.6	nuc	9721	C	removed	1
1I_K.7	NS1	86	L	removed	1
1I_K.7	NS5	259	T	removed	1
1I_K.7	NS5	642	A	removed	1
1I_K.7	nuc	10168	T	removed	1
1I_K.7	nuc	1618	G	removed	1
1I_K.7	nuc	1724	C	removed	1
1I_K.7	nuc	1960	G	removed	1
1I_K.7	nuc	2380	C	removed	1
1I_K.7	nuc	2675	C	removed	1
1I_K.7	nuc	2752	T	removed	1
1I_K.7	nuc	3433	T	removed	1
1I_K.7	nuc	3667	C	removed	1
1I_K.7	nuc	3742	G	maintained	1
1I_K.7	nuc	3748	G	removed	1
1I_K.7	nuc	3949	A	removed	1
1I_K.7	nuc	5662	G	removed	1
1I_K.7	nuc	6541	A	removed	1
1I_K.7	nuc	7009	A	removed	1
1I_K.7	nuc	7975	C	removed	1
1I_K.7	nuc	8215	C	removed	1
1I_K.7	nuc	8348	A	maintained	1
1I_K.7	nuc	8620	G	removed	1
1I_K.7	nuc	8677	T	removed	1
1I_K.7	nuc	9016	T	removed	1
1I_K.7	nuc	9498	C	removed	1
1I_K.7	nuc	9940	T	removed	1
1V	NS4A	93	A	removed	1
1V	NS4B	34	R	removed	1
1V	nuc	10192	C	removed	1
1V	nuc	1393	C	maintained	1
1V	nuc	3118	T	removed	1
1V	nuc	412	C	removed	1
1V	nuc	4900	T	removed	1
1V	nuc	5330	T	removed	1
1V	nuc	5659	A	removed	1
1V	nuc	6184	T	maintained	1
1V	nuc	6274	G	removed	1
1V	nuc	6654	C	removed	1
1V	nuc	6927	G	removed	1
1V	nuc	7030	C	removed	1
1V	nuc	7198	A	removed	1
1V	nuc	7213	G	removed	1
1V	nuc	7291	C	removed	1
1V	nuc	736	A	removed	1
1V	nuc	7957	T	removed	1
1V	nuc	8434	C	removed	1
1V	nuc	854	T	removed	1
1V	nuc	8549	T	removed	1
1V	nuc	9172	T	removed	1
1V	nuc	9550	T	removed	1
1V	nuc	9919	C	removed	1
1VI	2K	17	L	removed	1
1VI	C	103	V	removed	1
1VI	C	104	A	removed	1
1VI	C	114	S	removed	1
1VI	E	122	L	removed	1
1VI	E	221	A	removed	1
1VI	E	378	M	removed	1
1VI	E	398	L	removed	1
1VI	E	461	L	removed	1
1VI	E	83	S	removed	1
1VI	M	143	I	removed	1
1VI	M	79	I	removed	1
1VI	NS1	52	D	removed	1
1VI	NS1	94	K	removed	1
1VI	NS2A	111	I	removed	1
1VI	NS2A	113	P	removed	1
1VI	NS2A	120	I	removed	1
1VI	NS2A	168	A	removed	1
1VI	NS2A	194	I	removed	1
1VI	NS2A	63	H	removed	1
1VI	NS2B	18	M	removed	1
1VI	NS3	112	V	removed	1
1VI	NS3	146	V	removed	1
1VI	NS3	168	S	removed	1
1VI	NS3	30	V	removed	1
1VI	NS3	31	F	removed	1
1VI	NS3	331	S	removed	1
1VI	NS3	334	Y	removed	1
1VI	NS3	356	Q	removed	1
1VI	NS3	368	T	removed	1
1VI	NS3	556	I	removed	1
1VI	NS3	91	V	removed	1
1VI	NS4A	15	H	removed	1
1VI	NS4B	133	D	removed	1
1VI	NS4B	191	F	removed	1
1VI	NS4B	22	I	removed	1
1VI	NS4B	247	N	removed	1
1VI	NS4B	64	M	removed	1
1VI	NS5	387	K	removed	1
1VI	NS5	435	N	removed	1
1VI	NS5	522	A	removed	1
1VI	nuc	10006	T	removed	1
1VI	nuc	1030	A	removed	1
1VI	nuc	1033	A	removed	1
1VI	nuc	1054	T	removed	1
1VI	nuc	1063	A	removed	1
1VI	nuc	1298	C	removed	1
1VI	nuc	1315	T	removed	1
1VI	nuc	1363	G	removed	1
1VI	nuc	1426	T	removed	1
1VI	nuc	1429	T	removed	1
1VI	nuc	1606	G	removed	1
1VI	nuc	1648	A	removed	1
1VI	nuc	1720	G	removed	1
1VI	nuc	1813	A	removed	1
1VI	nuc	184	A	added	1
1VI	nuc	1888	C	removed	1
1VI	nuc	206	T	added	1
1VI	nuc	2068	G	removed	1
1VI	nuc	208	A	removed	1
1VI	nuc	2126	T	removed	1
1VI	nuc	2315	C	removed	1
1VI	nuc	2506	C	removed	1
1VI	nuc	2527	G	removed	1
1VI	nuc	2575	T	removed	1
1VI	nuc	2701	G	removed	1
1VI	nuc	2761	T	removed	1
1VI	nuc	289	A	removed	1
1VI	nuc	2974	T	removed	1
1VI	nuc	3079	G	removed	1
1VI	nuc	3091	A	removed	1
1VI	nuc	3265	A	removed	1
1VI	nuc	3271	C	removed	1
1VI	nuc	3430	T	removed	1
1VI	nuc	3514	C	removed	1
1VI	nuc	3526	T	removed	1
1VI	nuc	3541	T	removed	1
1VI	nuc	3601	G	removed	1
1VI	nuc	3619	C	removed	1
1VI	nuc	3662	C	removed	1
1VI	nuc	3694	C	removed	1
1VI	nuc	3703	G	removed	1
1VI	nuc	3859	T	removed	1
1VI	nuc	3955	C	removed	1
1VI	nuc	4055	A	removed	1
1VI	nuc	4181	A	removed	1
1VI	nuc	434	T	removed	1
1VI	nuc	4423	G	removed	1
1VI	nuc	4438	C	removed	1
1VI	nuc	4468	C	removed	1
1VI	nuc	4477	C	removed	1
1VI	nuc	452	C	removed	1
1VI	nuc	4558	T	removed	1
1VI	nuc	4607	G	removed	1
1VI	nuc	4612	T	removed	1
1VI	nuc	4852	T	removed	1
1VI	nuc	4927	C	removed	1
1VI	nuc	5021	T	removed	1
1VI	nuc	5140	G	removed	1
1VI	nuc	5203	G	removed	1
1VI	nuc	5209	A	removed	1
1VI	nuc	5473	G	removed	1
1VI	nuc	5500	T	removed	1
1VI	nuc	5519	T	removed	1
1VI	nuc	5542	A	removed	1
1VI	nuc	5586	A	removed	1
1VI	nuc	5596	C	removed	1
1VI	nuc	5621	A	removed	1
1VI	nuc	5743	C	removed	1
1VI	nuc	5788	C	removed	1
1VI	nuc	5842	A	removed	1
1VI	nuc	586	A	removed	1
1VI	nuc	5887	A	removed	1
1VI	nuc	5995	C	removed	1
1VI	nuc	6016	C	removed	1
1VI	nuc	6076	C	removed	1
1VI	nuc	6346	G	removed	1
1VI	nuc	6619	C	removed	1
1VI	nuc	672	T	removed	1
1VI	nuc	6721	C	removed	1
1VI	nuc	6727	T	removed	1
1VI	nuc	6806	C	removed	1
1VI	nuc	6883	G	removed	1
1VI	nuc	6891	T	removed	1
1VI	nuc	6895	G	removed	1
1VI	nuc	6910	T	removed	1
1VI	nuc	6985	A	removed	1
1VI	nuc	7018	G	removed	1
1VI	nuc	7024	C	removed	1
1VI	nuc	7030	G	removed	1
1VI	nuc	7078	C	removed	1
1VI	nuc	7120	C	removed	1
1VI	nuc	7135	C	removed	1
1VI	nuc	718	C	removed	1
1VI	nuc	7225	T	removed	1
1VI	nuc	7252	C	removed	1
1VI	nuc	7282	G	removed	1
1VI	nuc	7375	G	removed	1
1VI	nuc	7399	T	removed	1
1VI	nuc	7555	A	removed	1
1VI	nuc	7566	A	removed	1
1VI	nuc	7978	C	removed	1
1VI	nuc	8005	C	removed	1
1VI	nuc	8062	G	removed	1
1VI	nuc	8200	G	removed	1
1VI	nuc	8204	C	removed	1
1VI	nuc	8260	T	removed	1
1VI	nuc	832	T	removed	1
1VI	nuc	8356	C	removed	1
1VI	nuc	8398	A	removed	1
1VI	nuc	8503	A	removed	1
1VI	nuc	8527	A	removed	1
1VI	nuc	865	A	removed	1
1VI	nuc	8654	A	removed	1
1VI	nuc	8656	A	removed	1
1VI	nuc	8662	C	removed	1
1VI	nuc	8707	C	removed	1
1VI	nuc	8734	A	removed	1
1VI	nuc	8876	A	removed	1
1VI	nuc	8959	T	removed	1
1VI	nuc	9016	A	removed	1
1VI	nuc	9073	C	removed	1
1VI	nuc	9082	G	removed	1
1VI	nuc	9118	C	removed	1
1VI	nuc	9124	C	removed	1
1VI	nuc	9136	C	removed	1
1VI	nuc	9137	G	removed	1
1VI	nuc	9229	G	removed	1
1VI	nuc	9301	T	removed	1
1VI	nuc	9319	T	removed	1
1VI	nuc	9334	A	removed	1
1VI	nuc	9460	T	removed	1
1VI	nuc	9526	G	removed	1
1VI	nuc	9547	C	removed	1
1VI	nuc	9757	A	removed	1
1VI	nuc	979	T	removed	1
1VI	nuc	9805	C	removed	1
1VII	E	339	I	removed	1
1VII	NS4A	20	K	removed	1
1VII	nuc	10129	G	removed	1
1VII	nuc	10153	T	removed	1
1VII	nuc	1549	G	removed	1
1VII	nuc	1895	T	removed	1
1VII	nuc	1950	T	maintained	1
1VII	nuc	3982	C	removed	1
1VII	nuc	4096	C	removed	1
1VII	nuc	4195	A	removed	1
1VII	nuc	4648	T	removed	1
1VII	nuc	5977	T	removed	1
1VII	nuc	6190	A	removed	1
1VII	nuc	6199	T	removed	1
1VII	nuc	6435	A	removed	1
1VII	nuc	7202	T	maintained	1
1VII	nuc	8296	A	removed	1
1VII	nuc	9772	C	removed	1
1VII_A	NS3	65	V	removed	1
1VII_A	nuc	1549	A	maintained	1
1VII_A	nuc	2608	G	maintained	1
1VII_A	nuc	4435	T	removed	1
1VII_A	nuc	4712	G	removed	1
1VII_B	nuc	3322	T	added	1
1VII_B	nuc	3475	G	added	1
1VII_B	nuc	3997	G	removed	1
1VII_B	nuc	5668	C	removed	1
1V_A	E	428	L	removed	1
1V_A	NS1	293	Y	removed	1
1V_A	NS2A	18	L	removed	1
1V_A	NS4B	153	T	removed	1
1V_A	nuc	2216	T	maintained	1
1V_A	nuc	3296	T	removed	1
1V_A	nuc	3527	C	removed	1
1V_A	nuc	5014	C	maintained	1
1V_A	nuc	7283	A	removed	1
1V_A	nuc	9688	C	removed	1
1V_A.1	nuc	2648	C	added	1
1V_A.1	nuc	5389	C	added	1
1V_A.2	nuc	4862	G	added	1
1V_A.2	nuc	958	C	added	1
1V_B	NS4B	11	R	removed	1
1V_B	nuc	1882	A	removed	1
1V_B	nuc	2149	T	removed	1
1V_B	nuc	2230	A	removed	1
1V_B	nuc	2458	T	removed	1
1V_B	nuc	3463	G	maintained	1
1V_B	nuc	3751	G	removed	1
1V_B	nuc	3803	C	removed	1
1V_B	nuc	3817	A	removed	1
1V_B	nuc	4183	G	removed	1
1V_B	nuc	4333	A	removed	1
1V_B	nuc	4618	A	removed	1
1V_B	nuc	4627	G	removed	1
1V_B	nuc	5017	T	removed	1
1V_B	nuc	5293	A	maintained	1
1V_B	nuc	5725	T	removed	1
1V_B	nuc	5965	C	removed	1
1V_B	nuc	6718	C	removed	1
1V_B	nuc	6858	G	removed	1
1V_B	nuc	7346	C	removed	1
1V_B	nuc	7708	A	removed	1
1V_B	nuc	8533	A	removed	1
1V_B	nuc	8872	T	removed	1
1V_B	nuc	910	A	removed	1
1V_B	nuc	9148	A	removed	1
1V_B	nuc	9352	T	removed	1
1V_B	nuc	9961	T	removed	1
1V_C	nuc	10153	T	removed	1
1V_C	nuc	10165	G	removed	1
1V_C	nuc	2176	T	removed	1
1V_C	nuc	2395	A	removed	1
1V_C	nuc	2924	T	removed	1
1V_C	nuc	3274	C	removed	1
1V_C	nuc	3307	T	maintained	1
1V_C	nuc	4084	G	removed	1
1V_C	nuc	4321	G	removed	1
1V_C	nuc	4352	C	removed	1
1V_C	nuc	6160	G	removed	1
1V_C	nuc	6508	C	removed	1
1V_C	nuc	6625	C	removed	1
1V_C	nuc	6629	C	maintained	1
1V_C	nuc	6733	T	removed	1
1V_C	nuc	7669	A	removed	1
1V_C	nuc	8066	T	removed	1
1V_C	nuc	9067	C	removed	1
1V_C	nuc	9610	C	removed	1
1V_D	NS5	27	I	removed	1
1V_D	nuc	1819	A	removed	1
1V_D	nuc	2986	A	removed	1
1V_D	nuc	4843	C	removed	1
1V_D	nuc	5578	C	removed	1
1V_D	nuc	7360	C	removed	1
1V_D	nuc	7432	A	added	1
1V_D	nuc	7555	C	maintained	1
1V_D	nuc	854	C	removed	1
1V_D	nuc	8830	T	removed	1
1V_D	nuc	9526	T	removed	1
1V_D	nuc	9928	C	removed	1
1V_D.1	nuc	6637	C	maintained	1
1V_D.1	nuc	6884	A	added	1
1V_D.1	nuc	784	A	removed	1
1V_D.1.1	C	112	V	removed	1
1V_D.1.1	nuc	10255	T	removed	1
1V_D.1.1	nuc	1528	G	maintained	1
1V_D.1.1	nuc	1957	C	removed	1
1V_D.1.1	nuc	2221	C	removed	1
1V_D.1.1	nuc	2476	C	removed	1
1V_D.1.1	nuc	3469	T	removed	1
1V_D.1.1	nuc	429	T	removed	1
1V_D.1.1	nuc	4939	T	added	1
1V_D.1.1	nuc	5920	T	removed	1
1V_D.1.1	nuc	595	T	removed	1
1V_D.1.1	nuc	6004	T	removed	1
1V_D.1.1	nuc	6463	T	removed	1
1V_D.1.1	nuc	6652	T	removed	1
1V_D.1.1	nuc	7243	A	removed	1
1V_D.1.1	nuc	8881	G	removed	1
1V_D.1.1	nuc	9583	T	removed	1
1V_D.1.1	nuc	9890	T	removed	1
1V_D.1.2	nuc	1123	A	maintained	1
1V_D.1.2	nuc	3178	A	maintained	1
1V_D.1.3	NS5	27	V	removed	1
1V_D.1.3	nuc	3572	G	added	1
1V_D.1.3	nuc	5113	C	removed	1
1V_D.1.3	nuc	7652	G	added	1
1V_D.1.4	nuc	2041	C	added	1
1V_D.1.4	nuc	3529	A	added	1
1V_D.2	nuc	1174	A	maintained	1
1V_D.2	nuc	1597	C	added	1
1V_D.2	nuc	1810	T	removed	1
1V_D.2	nuc	4855	T	removed	1
1V_E	M	89	E	removed	1
1V_E	NS4B	34	H	removed	1
1V_E	nuc	5116	G	removed	1
1V_E	nuc	6622	C	removed	1
1V_E	nuc	6927	A	maintained	1
1V_E	nuc	703	G	maintained	1
1V_E.1	E	394	K	removed	1
1V_E.1	M	138	L	removed	1
1V_E.1	nuc	10165	G	removed	1
1V_E.1	nuc	1903	A	removed	1
1V_E.1	nuc	1942	C	removed	1
1V_E.1	nuc	2115	A	removed	1
1V_E.1	nuc	2656	G	removed	1
1V_E.1	nuc	3106	T	removed	1
1V_E.1	nuc	3112	G	removed	1
1V_E.1	nuc	3301	G	removed	1
1V_E.1	nuc	4090	T	removed	1
1V_E.1	nuc	4249	G	removed	1
1V_E.1	nuc	4280	C	removed	1
1V_E.1	nuc	5045	T	removed	1
1V_E.1	nuc	5173	C	removed	1
1V_E.1	nuc	5206	T	removed	1
1V_E.1	nuc	5575	C	removed	1
1V_E.1	nuc	5617	C	removed	1
1V_E.1	nuc	6199	T	removed	1
1V_E.1	nuc	6700	T	removed	1
1V_E.1	nuc	8332	G	maintained	1
1V_E.1	nuc	848	C	maintained	1
1V_E.1	nuc	8743	T	removed	1
1V_E.1	nuc	8794	T	removed	1
1V_E.1	nuc	9106	A	removed	1
1V_E.2	E	160	I	removed	1
1V_E.2	E	55	I	removed	1
1V_E.2	M	138	L	removed	1
1V_E.2	NS3	241	V	removed	1
1V_E.2	NS3	323	M	removed	1
1V_E.2	NS3	338	K	removed	1
1V_E.2	nuc	1030	T	removed	1
1V_E.2	nuc	1097	A	removed	1
1V_E.2	nuc	1109	T	removed	1
1V_E.2	nuc	1192	G	removed	1
1V_E.2	nuc	1413	T	removed	1
1V_E.2	nuc	1495	C	removed	1
1V_E.2	nuc	1531	A	removed	1
1V_E.2	nuc	2149	T	removed	1
1V_E.2	nuc	2605	C	removed	1
1V_E.2	nuc	340	A	removed	1
1V_E.2	nuc	3661	C	removed	1
1V_E.2	nuc	4006	T	removed	1
1V_E.2	nuc	4195	A	removed	1
1V_E.2	nuc	4576	C	removed	1
1V_E.2	nuc	4642	T	removed	1
1V_E.2	nuc	4876	A	maintained	1
1V_E.2	nuc	5240	G	removed	1
1V_E.2	nuc	5486	A	removed	1
1V_E.2	nuc	5532	A	removed	1
1V_E.2	nuc	5635	A	removed	1
1V_E.2	nuc	6052	A	removed	1
1V_E.2	nuc	6529	T	removed	1
1V_E.2	nuc	7312	C	removed	1
1V_E.2	nuc	7405	G	removed	1
1V_E.2	nuc	742	C	removed	1
1V_E.2	nuc	7642	G	removed	1
1V_E.2	nuc	7840	C	removed	1
1V_E.2	nuc	7969	G	removed	1
1V_E.2	nuc	8149	C	removed	1
1V_E.2	nuc	850	G	maintained	1
1V_E.2	nuc	8896	C	removed	1
1V_E.2	nuc	9109	T	removed	1
1V_E.2	nuc	9397	G	removed	1
1V_E.2	nuc	9631	G	removed	1
1V_E.2	nuc	9928	C	removed	1
1V_E.3	E	439	I	removed	1
1V_E.3	NS3	452	A	removed	1
1V_E.3	NS5	541	V	removed	1
1V_E.3	NS5	825	N	removed	1
1V_E.3	nuc	10046	A	removed	1
1V_E.3	nuc	1582	G	removed	1
1V_E.3	nuc	2249	A	maintained	1
1V_E.3	nuc	2566	G	removed	1
1V_E.3	nuc	2654	T	removed	1
1V_E.3	nuc	328	T	removed	1
1V_E.3	nuc	3493	C	removed	1
1V_E.3	nuc	3655	C	removed	1
1V_E.3	nuc	3664	C	removed	1
1V_E.3	nuc	4267	T	removed	1
1V_E.3	nuc	4607	T	removed	1
1V_E.3	nuc	4639	T	maintained	1
1V_E.3	nuc	4735	A	removed	1
1V_E.3	nuc	5183	C	removed	1
1V_E.3	nuc	5575	C	removed	1
1V_E.3	nuc	5874	C	removed	1
1V_E.3	nuc	6547	A	removed	1
1V_E.3	nuc	7330	A	removed	1
1V_E.3	nuc	7501	T	removed	1
1V_E.3	nuc	7948	A	removed	1
1V_E.3	nuc	8572	C	removed	1
1V_E.3	nuc	9194	G	removed	1
1V_E.4	nuc	4384	G	maintained	1
1V_E.4	nuc	5779	A	removed	1
1V_E.4	nuc	6903	T	added	1
1V_F	nuc	10255	T	removed	1
1V_F	nuc	1243	C	maintained	1
1V_F	nuc	1333	G	removed	1
1V_F	nuc	1357	T	removed	1
1V_F	nuc	1477	T	removed	1
1V_F	nuc	1951	T	removed	1
1V_F	nuc	2578	A	maintained	1
1V_F	nuc	2818	T	removed	1
1V_F	nuc	3001	T	removed	1
1V_F	nuc	3097	A	removed	1
1V_F	nuc	3190	G	removed	1
1V_F	nuc	3761	T	removed	1
1V_F	nuc	3929	T	removed	1
1V_F	nuc	4771	A	removed	1
1V_F	nuc	6505	C	removed	1
1V_F	nuc	6608	T	removed	1
1V_F	nuc	6901	C	removed	1
1V_F	nuc	8833	G	removed	1
1V_F	nuc	9793	G	removed	1
1V_F.1	nuc	1622	A	added	1
1V_F.1	nuc	1951	C	added	1
1V_F.2	nuc	6055	G	added	1
1V_F.2	nuc	6901	T	added	1
1V_G	NS2A	54	T	removed	1
1V_G	NS5	785	E	removed	1
1V_G	nuc	1516	C	removed	1
1V_G	nuc	2719	A	removed	1
1V_G	nuc	3636	C	removed	1
1V_G	nuc	5200	C	removed	1
1V_G	nuc	5263	C	maintained	1
1V_G	nuc	6196	T	removed	1
1V_G	nuc	6748	T	removed	1
1V_G	nuc	7333	G	removed	1
1V_G	nuc	8713	G	removed	1
1V_G	nuc	9085	C	removed	1
1V_G	nuc	9928	A	maintained	1
1V_H	NS4B	90	L	removed	1
1V_H	nuc	2562	G	added	1
1V_H	nuc	3067	G	maintained	1
1V_H	nuc	7094	C	removed	1
1V_H	nuc	8095	C	removed	1
1V_H	nuc	9477	G	removed	1
1V_J	NS5	651	T	removed	1
1V_J	nuc	1153	G	maintained	1
1V_J	nuc	505	G	maintained	1
1V_J	nuc	6343	T	removed	1
1V_J	nuc	9376	G	removed	1
Outgroup	nuc	2911	C	removed	1
Outgroup	nuc	3820	T	removed	1
Outgroup	nuc	4487	C	removed	1
Outgroup	nuc	4543	A	removed	1
Outgroup	nuc	4825	C	removed	1
