clade_membership	1I	#5E1D9D
clade_membership	1I_A	#551EA4
clade_membership	1I_B	#4E20AB
clade_membership	1I_B.1	#4B25B1
clade_membership	1I_B.2	#482BB6
clade_membership	1I_C	#4531BC
clade_membership	1I_D	#4137C2
clade_membership	1I_E	#403EC6
clade_membership	1I_E.1	#3F45C8
clade_membership	1I_E.1.1	#3F4CCB
clade_membership	1I_E.1.2	#3F53CD
clade_membership	1I_E.2	#3E5BD0
clade_membership	1I_E.3	#3F62D0
clade_membership	1I_E.4	#4068CF
clade_membership	1I_F	#426FCE
clade_membership	1I_G	#4376CD
clade_membership	1I_H	#447DCC
clade_membership	1I_H.1	#4682C9
clade_membership	1I_H.2	#4887C6
clade_membership	1I_H.3	#4A8DC2
clade_membership	1I_J	#4D92BF
clade_membership	1I_K	#4F97BB
clade_membership	1I_K.1.1	#529AB6
clade_membership	1I_K.1.1.1	#559EB1
clade_membership	1I_K.1.1.2	#58A2AC
clade_membership	1I_K.1.2	#5BA6A7
clade_membership	1I_K.2	#5EA9A1
clade_membership	1I_K.3	#62AB9C
clade_membership	1I_K.4	#66AE96
clade_membership	1I_K.5	#69B090
clade_membership	1I_K.6	#6DB38A
clade_membership	1I_K.7	#72B485
clade_membership	1II	#76B680
clade_membership	1III	#7BB77A
clade_membership	1III_A	#7FB975
clade_membership	1III_A.1	#84BA70
clade_membership	1III_A.2	#89BB6B
clade_membership	1III_A.3	#8EBC67
clade_membership	1III_A.4	#93BC63
clade_membership	1III_B	#98BD5E
clade_membership	1IV	#9DBE5A
clade_membership	1IV_A	#A2BE57
clade_membership	1IV_B	#A8BE54
clade_membership	1IV_B.1	#ADBD51
clade_membership	1IV_B.2	#B2BD4D
clade_membership	1IV_C	#B7BD4B
clade_membership	1V	#BCBB49
clade_membership	1V_A	#C1BA47
clade_membership	1V_A.1	#C5B945
clade_membership	1V_A.2	#CAB843
clade_membership	1V_B	#CEB541
clade_membership	1V_C	#D2B340
clade_membership	1V_D.1	#D5B03F
clade_membership	1V_D.1.1	#D9AD3D
clade_membership	1V_D.1.2	#DDAA3C
clade_membership	1V_D.1.3	#DFA53B
clade_membership	1V_D.1.4	#E1A13A
clade_membership	1V_D.2	#E39C39
clade_membership	1V_E	#E59738
clade_membership	1V_E.1	#E69137
clade_membership	1V_E.2	#E68B35
clade_membership	1V_E.3	#E68434
clade_membership	1V_E.4	#E67D33
clade_membership	1V_F	#E67631
clade_membership	1V_F.1	#E56E30
clade_membership	1V_F.2	#E4652E
clade_membership	1V_G	#E35C2C
clade_membership	1V_H	#E1542B
clade_membership	1V_J	#E04B29
clade_membership	1VI	#DF4227
clade_membership	1VII	#DE3926
clade_membership	1VII_A	#DD3124
clade_membership	1VII_B	#DB2823

