{
  "alignmentParams": {
    "excessBandwidth": 100,
    "terminalBandwidth": 300,
    "allowedMismatches": 8,
    "windowSize": 40,
    "minSeedCover": 0.1,
    "gapAlignmentSide": "left"
  },
  "attributes": {
    "name": "Mpox virus (Clade I)",
    "reference accession": "DQ011155.1",
    "reference name": "Zaire_1979-005"
  },
  "compatibility": {
    "cli": "3.0.0-alpha.0",
    "web": "3.0.0-alpha.0"
  },
  "deprecated": false,
  "enabled": true,
  "experimental": false,
  "files": {
    "changelog": "CHANGELOG.md",
    "examples": "sequences.fasta",
    "genomeAnnotation": "genome_annotation.gff3",
    "pathogenJson": "pathogen.json",
    "readme": "README.md",
    "reference": "reference.fasta",
    "treeJson": "tree.json"
  },
  "official": true,
  "qc": {
    "frameShifts": {
      "enabled": true,
      "ignoredFrameShifts": [],
      "scoreWeight": 20
    },
    "missingData": {
      "enabled": true,
      "missingDataThreshold": 50000,
      "scoreBias": 1000,
      "scoreWeight": 50
    },
    "mixedSites": {
      "enabled": true,
      "mixedSitesThreshold": 40
    },
    "privateMutations": {
      "cutoff": 50,
      "enabled": true,
      "typical": 5,
      "weightLabeledSubstitutions": 6,
      "weightReversionSubstitutions": 6,
      "weightUnlabeledSubstitutions": 1
    },
    "snpClusters": {
      "clusterCutOff": 5,
      "enabled": true,
      "scoreWeight": 10,
      "windowSize": 1000
    },
    "stopCodons": {
      "enabled": true,
      "ignoredStopCodons": [],
      "scoreWeight": 40
    }
  },
  "schemaVersion": "3.0.0",
  "shortcuts": [],
  "version": {
    "tag": "unreleased",
    "compatibility": {
      "cli": "3.0.0-alpha.0",
      "web": "3.0.0-alpha.0"
    }
  }
}
