{
  "alignmentParams": {
    "minSeedCover": 0.01,
    "retryReverseComplement": true,
    "penaltyGapOpen": 18,
    "penaltyGapOpenInFrame": 19,
    "penaltyGapOpenOutOfFrame": 20
  },
  "files": {
    "reference": "reference_L.fasta",
    "pathogenJson": "pathogen.json",
    "genomeAnnotation": "genome_annotation.gff3",
    "treeJson": "CCHF_L.json",
    "examples": "sample_L.fasta",
    "readme": "README.md",
    "changelog": "CHANGELOG.md"
  },
  "schemaVersion": "3.0.0",
  "attributes": {
    "name": "CCHF (segment L)",
    "reference name": "Crimean-Congo hemorrhagic fever virus segment L",
    "reference accession": "NC_005301.3"
  },
  "qc": {
    "privateMutations": {
      "enabled": true,
      "typical": 50,
      "cutoff": 200,
      "weightLabeledSubstitutions": 2,
      "weightReversionSubstitutions": 2,
      "weightUnlabeledSubstitutions": 1
    },
    "missingData": {
      "enabled": false,
      "missingDataThreshold": 3000,
      "scoreBias": 500
    },
    "snpClusters": {
      "enabled": false,
      "windowSize": 100,
      "clusterCutOff": 6,
      "scoreWeight": 50
    },
    "mixedSites": {
      "enabled": true,
      "mixedSitesThreshold": 8
    },
    "frameShifts": {
      "enabled": true,
      "ignoredFrameShifts": []
    },
    "stopCodons": {
      "enabled": true,
      "ignoredStopCodons": []
    }
  },
  "mutLabels": {
    "nucMutLabelMap": {}
  },
  "version": {
    "updatedAt": "2025-09-19T14:53:06Z",
    "tag": "2025-09-19--14-53-06Z"
  }
}
