{
  "$schema": "https://raw.githubusercontent.com/nextstrain/nextclade/refs/heads/release/packages/nextclade-schemas/input-pathogen-json.schema.json",
  "schemaVersion": "3.0.0",
  "files": {
    "reference": "reference.fasta",
    "pathogenJson": "pathogen.json",
    "genomeAnnotation": "annotation.gff3",
    "treeJson": "tree.json",
    "changelog": "CHANGELOG.md",
    "readme": "README.md",
    "examples": "example_sequences.fasta"
  },
  "compatibility": {
    "cli": "3.0.0-alpha.0",
    "web": "3.0.0-alpha.0"
  },
  "shortcuts": [
    "rubella"
  ],
  "defaultCds": "NSP",
  "attributes": {
    "name": "Rubella",
    "reference name": "RVi/Bismarck.ND.USA/23.08/2B",
    "reference accession": "NC_076948"
  },
  "alignmentParams": {
    "retryReverseComplement": true,
    "penaltyGapExtend": 1,
    "penaltyGapOpen": 10,
    "penaltyGapOpenInFrame": 15,
    "penaltyGapOpenOutOfFrame": 17,
    "excessBandwidth": 20,
    "minSeedCover": 0.1,
    "kmerLength": 6,
    "kmerDistance": 25,
    "minMatchLength": 30,
    "allowedMismatches": 15,
    "windowSize": 30
  },
  "qc": {
    "missingData": {
      "enabled": true,
      "missingDataThreshold": 2000,
      "scoreBias": 500,
      "scoreWeight": 50
    },
    "snpClusters": {
      "enabled": true,
      "windowSize": 100,
      "clusterCutOff": 6,
      "scoreWeight": 50
    },
    "mixedSites": {
      "enabled": true,
      "mixedSitesThreshold": 15,
      "scoreWeight": 50
    },
    "frameShifts": {
      "enabled": true,
      "scoreWeight": 20
    },
    "stopCodons": {
      "enabled": true,
      "scoreWeight": 50
    }
  },
  "version": {
    "tag": "unreleased",
    "compatibility": {
      "cli": "3.0.0-alpha.0",
      "web": "3.0.0-alpha.0"
    }
  }
}
