sequence,serotype,lineage,set
EHIE21409Y22|2022,DENV3,3III_B.1,representatives
EPI_ISL_14908852|2022-04-04,DENV1,1V_E.1,representatives
EPI_ISL_17689850|2022-09-10,DENV2,2III_D.1.2.2,representatives
EPI_ISL_17689858|2022-10-17,DENV2,2III_D.1.2.2,representatives
EPI_ISL_17689862|2022-08-25,DENV3,3III_C.2.1,representatives
EPI_ISL_17689864|2022-09-02,DENV3,3III_C.2.1,representatives
EPI_ISL_17689875|2022-12-12,DENV2,2III_D.1.2,representatives
EPI_ISL_17983090|2023-05-02,DENV2,2III_C.1.1,representatives
PP_005310N|2001,DENV1,1V_H,representatives
PP_00535Q3|1994,DENV1,1I,representatives
PP_0054DBL|2002,DENV3,3II_B,representatives
PP_0054DK3|1997,DENV3,3I,representatives
PP_0054UFX|1982,DENV1,1I_B,representatives
PP_0054UHS|1981,DENV1,1I_B,representatives
PP_0055Q7F|1999,DENV2,2V_D,representatives
PP_0055QA9|1990,DENV2,2III_A,representatives
PP_0055QC5|1985,DENV2,2V,representatives
PP_00566HA|2001,DENV2,2II_A.1,representatives
PP_0056AXC|1995,DENV3,3I,representatives
PP_0056BBJ|1999,DENV3,3III_A,representatives
PP_0056JMQ|1970,DENV2,2VI,representatives
PP_0056JTC|1974,DENV2,2VI,representatives
PP_0056JW6|1966,DENV2,2VI,representatives
PP_0056L9D|1999,DENV2,2VI,test_set
PP_0056LAB|1972,DENV1,Unassigned,representatives
PP_0056LB9|1975,DENV4,4IV,representatives
PP_0056PHT|2006,DENV2,2II_D,representatives
PP_0056TXV|2005,DENV3,3III_A.1,test_set
PP_0056UQ8|2005,DENV3,3III_A.1,representatives
PP_0056UU0|2005,DENV3,3III_A.1,representatives
PP_0056UXU|2005,DENV3,3III_A.1,representatives
PP_0056V5C|2005,DENV3,3III_A.1,representatives
PP_0056YZL|2005,DENV2,2II_F,test_set
PP_0056Z74|2005,DENV1,1III_A,representatives
PP_0056Z82|2006,DENV1,1IV_B,representatives
PP_005784Z|2006,DENV2,2III_A.2,representatives
PP_005787T|2006,DENV3,3II_A.1,representatives
PP_00578BK|2006,DENV3,3II_A.1,representatives
PP_0057AY8|1998,DENV2,2III_E,representatives
PP_0057BLX|1998,DENV1,1V_J,representatives
PP_0057BX9|1988,DENV2,2III,test_set
PP_0057CSJ|2007,DENV2,2III_D.3,representatives
PP_0057D2Y|2005,DENV1,1V_C,test_set
PP_0057DLV|2005,DENV2,2III_D.1.3,representatives
PP_0057DQM|2006,DENV2,2III_D.1.3,representatives
PP_0057DRK|2006,DENV2,2II_D,test_set
PP_0057G4R|2006,DENV2,2III_B,representatives
PP_0057H0Y|2005,DENV2,2III_D.1.1,representatives
PP_0057HAC|2005,DENV2,2III_D.1.3,representatives
PP_0057HZZ|2003,DENV2,2III_A.1,test_set
PP_0057J0X|2003,DENV1,1I_C,representatives
PP_0057JNL|2006,DENV1,1I_H.2,representatives
PP_0057L9B|2006,DENV2,2III_B,representatives
PP_0057NEZ|2007,DENV2,2III_D.1.1,representatives
PP_0057Q1P|2006,DENV3,3II_A.1,test_set
PP_0057RWX|1998,DENV2,2III_C,representatives
PP_0057VLD|1996,DENV2,2III_D,representatives
PP_0057W91|2005,DENV3,3III_C.2,representatives
PP_0057WDT|1998,DENV4,4II_B.2,representatives
PP_0057WQ4|1993-02,DENV2,2III,representatives
PP_0057WR2|1997-06,DENV2,2III_E,representatives
PP_0057WYN|2002-04,DENV2,2III_E,representatives
PP_0057X2E|2005-09,DENV2,2III_C,representatives
PP_0057X3C|2005-10,DENV2,2III_E,representatives
PP_0057Z48|2004,DENV2,2III_D.3,representatives
PP_005820B|1997,DENV1,1I_A,representatives
PP_0058227|1978,DENV4,4II_A,representatives
PP_005826Z|2003,DENV2,2II,representatives
PP_0058BBE|1998,DENV1,1V_J,representatives
PP_0058C8K|1994,DENV1,1V_J,test_set
PP_0058CH0|1993,DENV1,1V_J,representatives
PP_0058DV9|2008,DENV1,1I_E,representatives
PP_0058FG0|2008,DENV1,1I_H.2,test_set
PP_0058LEZ|2003,DENV1,1I_K,representatives
PP_0058LGV|2003,DENV1,1I_K,representatives
PP_0058SVW|2001,DENV3,3III_C.1,representatives
PP_0058V3C|2003,DENV1,1I_D,test_set
PP_0058V58|2003,DENV1,1I_D,representatives
PP_0058VTX|2002,DENV2,2III_A,test_set
PP_0058VUV|2002,DENV2,2III_A,representatives
PP_0058W81|2008,DENV3,3II_A.2,representatives
PP_0058WHG|2003,DENV3,3II_A.2,representatives
PP_0058WTW|2003,DENV2,2III_D.2,representatives
PP_0058WUU|1997,DENV1,1V_B,representatives
PP_0058YKA|2004,DENV1,1V_F,representatives
PP_0058Z2A|2005,DENV1,1V_E,representatives
PP_0058ZAU|2006,DENV1,1V_E,representatives
PP_0058ZK9|2001,DENV2,2V_E,representatives
PP_0058ZVP|2007,DENV3,3III_B,representatives
PP_0059051|2001,DENV2,2V_E,representatives
PP_00590GD|2001,DENV2,2V_E,representatives
PP_00591EG|2001,DENV2,2V_E,representatives
PP_0059209|2006,DENV2,2III_D.1.1,test_set
PP_00593H7|2001,DENV1,1V_H,representatives
PP_00593VH|2005,DENV2,2III_E,representatives
PP_00593YB|2006,DENV2,2III_E,representatives
PP_0059407|2007,DENV1,1V_A,representatives
PP_005945X|2000,DENV4,4II_B.1,representatives
PP_005949P|2007,DENV1,1V_F,test_set
PP_00594UJ|2000,DENV2,2III_D.1,representatives
PP_00594VG|2000,DENV2,2III_D.1,representatives
PP_00596CF|2007,DENV1,1I_K.7,representatives
PP_00597BG|1993,DENV3,3III_A,representatives
PP_00597EA|1994,DENV3,3III_C,representatives
PP_00597Y7|2007,DENV2,2III_D.1.3,representatives
PP_005992Y|2005,DENV1,1I_C,test_set
PP_0059APN|2003,DENV3,3III_C,representatives
PP_0059ARJ|2007,DENV3,3III_C,test_set
PP_0059AZ2|1990,DENV2,2III_B,representatives
PP_0059B4S|1991,DENV3,3I_B,test_set
PP_0059B5Q|1995,DENV3,3I_B,representatives
PP_0059B6N|2000,DENV3,3III_C.2,representatives
PP_0059BAE|2002,DENV2,2III_D.1,representatives
PP_0059BF4|2000,DENV2,2III_D,test_set
PP_0059BQK|2008,DENV3,3III_C.2.1,representatives
PP_0059BTD|2000,DENV2,2III_D.1,representatives
PP_0059BW7|2005,DENV2,2III_D.1.3,representatives
PP_0059CHY|2004,DENV2,2III_A.2,representatives
PP_0059CKU|2003,DENV2,2III_A.2,representatives
PP_0059CUA|2005,DENV2,2III_A.1,representatives
PP_0059CZ0|1999,DENV2,2III_A.1,representatives
PP_0059D4Q|2003,DENV2,2III_A.2,test_set
PP_0059D5N|2004,DENV2,2III_A.1,representatives
PP_0059DBA|2002,DENV2,2III_A.2,representatives
PP_0059DLR|2005,DENV2,2III_A.1,representatives
PP_0059DNM|2003,DENV2,2III_A.1,representatives
PP_0059DTB|2004,DENV2,2III_A.2,representatives
PP_0059DV7|2004,DENV2,2III_A.1,representatives
PP_0059J6F|2007,DENV1,1I_D,representatives
PP_0059JZU|2007,DENV1,1I_E,test_set
PP_0059MFU|1998,DENV3,3III_C,representatives
PP_0059MXV|1997,DENV3,3III,test_set
PP_0059MZR|2003,DENV2,2II_A.1.2,representatives
PP_0059N0P|2004,DENV2,2II_A.1.2,representatives
PP_0059W63|2005,DENV4,4II_A.3,representatives
PP_0059W71|1977,DENV2,2I,representatives
PP_0059W8Z|1975,DENV2,2II_B,representatives
PP_0059WDP|1975,DENV2,2II,representatives
PP_0059WEM|1976,DENV2,2II,test_set
PP_0059WKA|1994,DENV2,2III_B,representatives
PP_0059XEL|1995,DENV2,2III,representatives
PP_0059XXK|2008,DENV3,3III_B,representatives
PP_0059ZL5|1999,DENV2,2III_D,representatives
PP_0059ZXH|2006,DENV1,1V_G,representatives
PP_0059ZZD|2007,DENV1,1V_G,test_set
PP_005A017|2007,DENV1,1V_G,representatives
PP_005A033|2008,DENV1,1V_D.1,representatives
PP_005A0BM|2007,DENV3,3III_C.1,representatives
PP_005A0QU|1964,DENV2,2V_F,representatives
PP_005A108|1985,DENV1,1V_A,representatives
PP_005A116|2004,DENV1,1IV_B,representatives
PP_005A132|2005,DENV2,2III_D.1.1,representatives
PP_005A1J5|2003,DENV1,1I_K.7,representatives
PP_005A2L0|1998,DENV1,1V_C,representatives
PP_005A2NW|2008,DENV1,1I_H.2,representatives
PP_005A4VE|2008,DENV1,1I_C,representatives
PP_005A6QN|2008,DENV1,1I_K.7,test_set
PP_005A6Y6|2008,DENV1,1I_E,representatives
PP_005A79J|2004,DENV1,1V,representatives
PP_005A7QM|2006,DENV3,3III_C.2.2,representatives
PP_005A81Z|2007,DENV3,3III_C.2.2,representatives
PP_005A8AF|2007,DENV3,3III_C.2.2,representatives
PP_005A8CB|2007,DENV3,3III_C.2.2,representatives
PP_005A8F5|2007,DENV3,3III_C.2.2,representatives
PP_005A8G3|2007,DENV3,3III_C.2.2,representatives
PP_005A99G|2008,DENV3,3II_A.2,representatives
PP_005A9AE|2005,DENV3,3II_A.2,test_set
PP_005A9W7|2008,DENV2,2V_A.1,representatives
PP_005AALS|2001,DENV1,1V,representatives
PP_005AQP6|2007-05,DENV3,3III_A.2,representatives
PP_005B1SM|2007,DENV1,1I_H.2,representatives
PP_005B6VA|2008,DENV3,3II_A.2,representatives
PP_005B9Y1|2007,DENV4,4II_B.1,representatives
PP_005BA0X|2007,DENV4,4II_B.1,representatives
PP_005BA8F|2006,DENV2,2III_D.2,representatives
PP_005BBJT|2005,DENV2,2III_D.1.3,test_set
PP_005BDA8|2007,DENV1,1I_G,representatives
PP_005BE2P|2009,DENV2,2III_D.1.3,representatives
PP_005BEJQ|2009,DENV2,2III_D.1.2,representatives
PP_005BK6A|1975,DENV4,4IV,representatives
PP_005BK78|1973,DENV4,4IV,test_set
PP_005BKA2|1961,DENV4,4I,representatives
PP_005BMKF|2007,DENV3,3II_A.2,representatives
PP_005BN4B|2009,DENV2,2II_F,representatives
PP_005BNDT|2009-09,DENV3,3III_B.2,representatives
PP_005BNR2|2006,DENV2,Unassigned,test_set
PP_005BPAY|2010-09-26,DENV4,4II_A.2,representatives
PP_005BWHA|2009,DENV1,1III_A,representatives
PP_005BY41|2007,DENV1,1I_D,representatives
PP_005CLER|2007,DENV2,2V_A,representatives
PP_005CU9T|2011-03,DENV1,1III_A,representatives
PP_005CUAR|2011-04,DENV1,1IV_C,representatives
PP_005CUM2|2010-07-21,DENV4,4II_B.1.1,representatives
PP_005CXJ5|1986,DENV1,1I_B,representatives
PP_005CXK3|1990,DENV1,1I_B.1,representatives
PP_005CXQT|1990,DENV1,1I_B,representatives
PP_005CXVH|2008,DENV4,4I_A.2,representatives
PP_005CXYB|2005-01-01,DENV1,1IV_A,representatives
PP_005CYFB|1998,DENV4,4II_B,representatives
PP_005CYNW|2006,DENV1,1V_B,representatives
PP_005CYQS|2000,DENV2,2III_D.1,test_set
PP_005CYYA|2001,DENV1,1I_D,representatives
PP_005D12Y|2006,DENV2,2II_E.1,representatives
PP_005D1LV|2005,DENV2,2II_D.3,representatives
PP_005D1MT|2005,DENV2,2II_C,representatives
PP_005D6E3|2011-09,DENV1,1I_K,representatives
PP_005DAXY|2004,DENV1,1I_D,representatives
PP_005DSN0|2009-06-09,DENV1,1IV_A,representatives
PP_005DSPY|2002-06-03,DENV1,1IV_A,test_set
PP_005DSXG|2008-02-20,DENV4,4II_A,representatives
PP_005DT18|2009-09-23,DENV4,4II_A,test_set
PP_005DTDJ|1996-09-04,DENV3,3I_B,representatives
PP_005DTJ7|1996-10-21,DENV3,3I_B,representatives
PP_005DTK5|1996-11-18,DENV3,3I_B,representatives
PP_005DTPX|1963,DENV1,1V,representatives
PP_005DTQV|1982,DENV1,1III,representatives
PP_005DTRT|1971,DENV1,1VII,representatives
PP_005DTSR|1960,DENV1,1II,representatives
PP_005DTTP|2005,DENV1,1III_A,representatives
PP_005DTWH|2005,DENV2,2II_A,representatives
PP_005DTZB|1963,DENV3,3V,representatives
PP_005DU09|1966,DENV3,3III,representatives
PP_005DU17|2005,DENV3,3III_B.1,representatives
PP_005DU33|1962,DENV4,4I,representatives
PP_005DU41|1979,DENV4,4I_B,representatives
PP_005DU5Z|2009,DENV4,4I_B.2,representatives
PP_005E3AC|2001,DENV2,2III_E,test_set
PP_005E9U3|2010,DENV2,2II_D.2,representatives
PP_005EC79|1997,DENV1,1V_H,representatives
PP_005EC87|1998,DENV1,1V_H,test_set
PP_005ECQ8|1999,DENV2,2III_B,test_set
PP_005ECVY|2002,DENV3,3III_C.2,representatives
PP_005EDUZ|1994,DENV2,2I,representatives
PP_005EFWT|2009-02-13,DENV2,2III_B,representatives
PP_005EJ57|2009-04-16,DENV1,1V_E,test_set
PP_005EJHG|2010-12-29,DENV1,1V_F,representatives
PP_005EK64|2012-01-09,DENV1,1I_E,representatives
PP_005EK72|2007-12-13,DENV1,1IV_C,representatives
PP_005EK80|2008-02-15,DENV1,1I_K.4,representatives
PP_005EKEN|2008-04-17,DENV1,1I_K.4,representatives
PP_005EKFL|2008-02-19,DENV1,1IV_B,test_set
PP_005EKGJ|2008-03-15,DENV1,1I_K.4,representatives
PP_005EKJD|2008-02-15,DENV1,1I_K.4,representatives
PP_005EKVR|2010-07-08,DENV1,1I_K,test_set
PP_005EL0F|2010-03-03,DENV1,1I_K.4,representatives
PP_005EL1D|2008-04-07,DENV1,1I_K.4,test_set
PP_005EL47|2007-12-11,DENV1,1IV_C,representatives
PP_005EL8Z|2007-09-27,DENV2,2II_E.2,representatives
PP_005ELJC|2007-07-06,DENV2,2II_E,test_set
PP_005ELQ0|2008-02-19,DENV2,2II_D.2,representatives
PP_005ELSW|2008-03-11,DENV2,2II_D.3,representatives
PP_005ELUS|2008-03-08,DENV2,2II_D.3,representatives
PP_005ELYJ|2010-03-29,DENV2,2II_D.2,test_set
PP_005ELZG|2010-04-05,DENV2,2II_D.2,representatives
PP_005EMFJ|2007-08-13,DENV4,4II_A.2,representatives
PP_005EMHD|2008-04-30,DENV4,4II_A.2,representatives
PP_005EMJB|2008-03-28,DENV4,4II_A.2,representatives
PP_005EUDF|2008,DENV2,2II_A.1,representatives
PP_005EUYA|2007,DENV3,3III_B.4,representatives
PP_005EUZ8|2006,DENV3,3III_B.4,representatives
PP_005EV22|2006,DENV3,3III_B.4,representatives
PP_005EYY6|1956,DENV1,1V,representatives
PP_005EZ2Y|2010-11-01,DENV2,2II_A.1.2,representatives
PP_005F48D|2010,DENV1,1V_A,representatives
PP_005F49B|2011,DENV1,1V_E,representatives
PP_005F4D3|2001,DENV1,1V_H,representatives
PP_005F5NH|2001,DENV2,2II_C,representatives
PP_005F5PF|2005,DENV2,2II_C.2,representatives
PP_005F5QD|1998,DENV2,2IV,representatives
PP_005F5RB|2000,DENV2,2IV,representatives
PP_005F5T7|2000,DENV2,2IV,representatives
PP_005F5YX|1996,DENV2,2IV,representatives
PP_005F78A|2013-05,DENV1,1VII_A,representatives
PP_005F8B3|2003,DENV2,2III_A,representatives
PP_005F9MF|2007,DENV2,2III_D.3,test_set
PP_005FA4F|1986,DENV2,2III,representatives
PP_005FBDW|2001,DENV1,1I_D,representatives
PP_005FBXT|2007,DENV1,1V_C,representatives
PP_005FCA1|1998,DENV1,1V_J,representatives
PP_005FCBZ|1998,DENV1,1V_J,representatives
PP_005FCCX|1995,DENV1,1V_J,representatives
PP_005FD0L|1999,DENV3,3II_A,representatives
PP_005FDFQ|1983,DENV3,3II,test_set
PP_005FDGN|1984,DENV3,3II,representatives
PP_005FE2F|2007,DENV3,3III_C.2.2,test_set
PP_005FEBX|2007,DENV3,3II_A.2,representatives
PP_005FEFP|2002,DENV4,4I_A.1,representatives
PP_005FFR1|2013-08-23,DENV1,1I_K.6,representatives
PP_005FGHG|2011,DENV3,3III_C.2.1,test_set
PP_005FGUU|2011-10-20,DENV2,2II_A.1.2,test_set
PP_005FGVS|2013-10-02,DENV2,2II_A.1.2,representatives
PP_005FHYK|2007,DENV3,3III_C.2,test_set
PP_005FJQ0|1998,DENV1,1V_G,representatives
PP_005FJRY|2005,DENV1,1V_G,representatives
PP_005FJSW|2000,DENV2,2III_D.3,representatives
PP_005FL7Z|2012,DENV1,1V_E.3,representatives
PP_005FLDM|2010,DENV1,1V_E.3,representatives
PP_005FLFH|2010,DENV1,1V_E.3,representatives
PP_005FLGF|2010,DENV1,1V_E.3,representatives
PP_005FLK8|2010,DENV1,1V_E.3,representatives
PP_005FUVE|1983,DENV3,3II,representatives
PP_005FV5U|2013-07,DENV1,1I_H.1,representatives
PP_005G0D5|2013,DENV1,1III_B,representatives
PP_005G12S|2014-01-13,DENV2,2II_A.1.2,representatives
PP_005G13Q|2014-01-26,DENV3,3III_A.2,representatives
PP_005G8YS|1964,DENV3,3V,representatives
PP_005GCDT|2011-08,DENV2,2II_A.1.2,representatives
PP_005GG1D|2012,DENV2,2II_E.1,test_set
PP_005GHGG|2010,DENV2,2II_E.1,representatives
PP_005GJ61|2013,DENV1,1III_A,test_set
PP_005GRDE|2010-10-13,DENV1,1V_A,representatives
PP_005GS9M|2014-04-03,DENV2,2III_C.3,representatives
PP_005GVZ3|2004,DENV1,1III_B,representatives
PP_005GW1Z|2006,DENV1,1IV_B.1,representatives
PP_005H8JH|2010,DENV4,4II_A.2,representatives
PP_005HBXN|2011-06,DENV4,4I_A.1,representatives
PP_005HJ18|1956-08-28,DENV4,4I,representatives
PP_005HSMT|2013,DENV2,2II_E.1,representatives
PP_005HTUC|2014,DENV1,1VI,representatives
PP_005HZKQ|2014,DENV2,2II_D.1.1,representatives
PP_005HZLN|2014,DENV2,2II_D.1.1,representatives
PP_005HZPG|2014,DENV2,2II_D.1.1,representatives
PP_005HZQE|2014,DENV2,2II_D.1.1,representatives
PP_005J3T2|2014-09-08,DENV4,4II_B.3,representatives
PP_005J6BY|2014-08-28,DENV3,3II_B,representatives
PP_005JFUN|2011-03-07,DENV4,4II_B.1.1,test_set
PP_005JKPU|2002,DENV1,1IV_C,representatives
PP_005JKQS|2006,DENV1,1I_H.1,representatives
PP_005JKRQ|2007,DENV1,1IV_C,test_set
PP_005JKUJ|2011,DENV1,1I_G,representatives
PP_005JN9L|1956,DENV3,3V,representatives
PP_005JZRA|2012,DENV1,1V_E,representatives
PP_005K00Q|2010,DENV1,1I_B.2,representatives
PP_005K02L|2008,DENV1,1I_F,representatives
PP_005K03J|2010,DENV1,1IV_C,representatives
PP_005K0B2|2009,DENV2,2II_C,representatives
PP_005K0C0|2012,DENV2,2II_D.3,test_set
PP_005K0DY|2006,DENV2,2II_A.1.1,representatives
PP_005K0KK|2010,DENV2,2II_C.1,representatives
PP_005K0MF|2008,DENV3,3I_C,representatives
PP_005K0ND|2011,DENV3,3II_A.5,representatives
PP_005K0R7|2006,DENV3,3III_A.1,representatives
PP_005K0U1|2011,DENV3,3III_B,representatives
PP_005K0VZ|2009,DENV4,4I_B.2,representatives
PP_005K0WX|2010,DENV4,4II_A.1.2,representatives
PP_005K1T2|2013-04-23,DENV2,2II_E.2,representatives
PP_005K1U0|2014-05-07,DENV2,2II_F.2.1,representatives
PP_005K765|2014-02,DENV2,2II_F.1.1,representatives
PP_005KCST|2012-07,DENV4,4I_B.2,representatives
PP_005KCUP|2012-09,DENV4,4I_B.2,representatives
PP_005KD0B|2012-10,DENV4,4I_B.2,test_set
PP_005KD8V|2012-08,DENV4,4I_B.2,representatives
PP_005KG7U|2015,DENV2,2II_D.1.1,test_set
PP_005KJEC|2015,DENV2,Unassigned,representatives
PP_005KN3W|2012,DENV2,2II_F.1.2,representatives
PP_005KN5S|2012,DENV2,2II_F.2.2,representatives
PP_005KNE8|2012,DENV2,2II_F.2.2,representatives
PP_005KNG4|2012,DENV2,2II_E.1,representatives
PP_005KNH1|2012,DENV2,2II_F.2.2,representatives
PP_005KNX7|2013,DENV2,2II_F.2.2,representatives
PP_005KP2X|2012,DENV3,3III_B.3,representatives
PP_005KPQL|2014-01,DENV2,2II_E,representatives
PP_005KVLN|2015,DENV2,2II_D.1.2,representatives
PP_005KVSA|2016-05-22,DENV2,2III_C.3,representatives
PP_005KZQA|1976,DENV4,4II_B,representatives
PP_005L3YN|2012,DENV1,1I_K.2,representatives
PP_005L40J|2012,DENV1,1I_K,representatives
PP_005N7TQ|2014-12,DENV2,2II_D,representatives
PP_005NBSN|2014-12,DENV3,3III_A.2,representatives
PP_005NBZ8|2006,DENV4,4I_A.1,representatives
PP_005NC22|2001,DENV4,4III,representatives
PP_005NC30|1998,DENV4,4III,representatives
PP_005NC9N|1995-09,DENV2,2III_A.2,representatives
PP_005NCBJ|2003-10,DENV4,4I,representatives
PP_005NCUH|2013-10-13,DENV2,2V_A.2,test_set
PP_005ND5V|2015-06-27,DENV4,4I_A.3,test_set
PP_005NG3W|2010-05-11,DENV2,2II_E.2,representatives
PP_005NVFT|2010-09-01,DENV2,2II_A.2.2,representatives
PP_005NVGR|2011-01-03,DENV2,2II_A.1.1.1,representatives
PP_005NWVX|2014,DENV1,1V_F,representatives
PP_005NWWV|2014,DENV1,1V_D.1.2,representatives
PP_005NX5B|2014,DENV2,2III_D.3.2,representatives
PP_005NX77|2014,DENV2,2III_D.3.2,representatives
PP_005NXQ6|2014,DENV4,4II_B.1,representatives
PP_005P1BT|2001,DENV1,1I_J,test_set
PP_005P238|2006,DENV1,1I_K.5,representatives
PP_005P246|2008,DENV1,1I_K.5,representatives
PP_005P329|2001,DENV1,1I_K.7,representatives
PP_005P3K8|2006,DENV1,1I_H.3,representatives
PP_005P3YG|2004,DENV1,1I_H.3,representatives
PP_005P7DH|2000,DENV1,1I_F,representatives
PP_005P7GB|1998,DENV1,1I,representatives
PP_005P7UL|2002,DENV1,1I_G,representatives
PP_005P7WG|2002,DENV1,1I_E,representatives
PP_005P8BL|2004,DENV1,1I_A,representatives
PP_005P9J4|2006,DENV2,2V_A.1,representatives
PP_005P9TL|2004,DENV2,2V_A.3,representatives
PP_005P9YA|2004,DENV2,2V_A.3,test_set
PP_005PA14|2002,DENV2,2V_A,representatives
PP_005PBXA|2001,DENV2,2V_C,representatives
PP_005PC4W|1995,DENV2,2V_C,test_set
PP_005PC5U|1995,DENV2,2V,representatives
PP_005PC8N|2002,DENV2,2V_D,representatives
PP_005PCG6|2000,DENV2,2V_D,representatives
PP_005PCJ1|1998,DENV2,2V_D,representatives
PP_005PCLX|1999,DENV2,2V_B,representatives
PP_005PCNT|2001,DENV2,2V_B,representatives
PP_005PCWB|2009,DENV2,2II_E.1,representatives
PP_005PCY7|2008,DENV3,3II_A.3,representatives
PP_005PCZ5|2006,DENV3,3II_A.3,test_set
PP_005PD03|2008,DENV3,3II_A.3,representatives
PP_005PD2Z|2006,DENV3,3II_A.3,representatives
PP_005PDH2|2000,DENV3,3II_A.4,representatives
PP_005PDJ0|2000,DENV3,3II_A.4,test_set
PP_005PDLW|2000,DENV3,3II_A.4,representatives
PP_005PF5R|1999,DENV3,3II_A.5,representatives
PP_005PGQK|2002,DENV4,4I_A.3,representatives
PP_005PGY3|1995,DENV4,4I_A,test_set
PP_005PK3R|2001,DENV4,4I_A.2,test_set
PP_005PKE3|1998,DENV4,4I_A.2,representatives
PP_005PKW4|1995,DENV4,4I_A,representatives
PP_005PSXV|2010-07-06,DENV1,1I_K.5,representatives
PP_005PU5C|2009-11-06,DENV2,2V_A.3,representatives
PP_005PU86|2010-08-13,DENV2,2V_A.3,representatives
PP_005Q8RP|2014-03,DENV2,2II_F.2.2,representatives
PP_005Q8TK|2015-06,DENV3,3I_A.1,representatives
PP_005Q96T|2015,DENV2,2II_A.1.1.1,representatives
PP_005QDD9|2014-09,DENV1,1I_K.3,test_set
PP_005QKQE|2009-10-08,DENV2,2II_A.2.1,representatives
PP_005QKRC|2016-05-15,DENV3,3III_B.2,test_set
PP_005QKW2|2017-04-15,DENV3,3III_B.2,representatives
PP_005QL9A|2016-11,DENV2,2V_A.1.2,representatives
PP_005QMJQ|2017,DENV1,1I_E.3,representatives
PP_005QPGT|2017-11,DENV1,1III_A,representatives
PP_005QPHQ|2017-10,DENV2,2II_F.1.1.2,representatives
PP_005QUKF|2021-06-30,DENV1,1VII_B,representatives
PP_005R7WC|2007,DENV3,3III_A.2,representatives
PP_005R83Y|2010,DENV3,3III_A.2,test_set
PP_005RK1R|2012-10-04,DENV3,3I_A,representatives
PP_005RK5H|2012-03,DENV1,1III_B,representatives
PP_005RKFX|2013-04,DENV1,1I_K.3,representatives
PP_005RKLL|2013-12,DENV1,1III_A.3,representatives
PP_005RM89|2016,DENV2,2II_D.2,representatives
PP_005RT0K|2015-09-26,DENV2,2II_A.1.1.1,representatives
PP_005RW2C|2013-09-09,DENV2,2V_A.2,representatives
PP_005RXEM|2016-09-07,DENV3,3I_A.1.2,representatives
PP_005RXJC|2016-09-15,DENV3,3I_A.1.2,representatives
PP_005RXKA|2013-07-22,DENV3,3II_B,representatives
PP_005S3PU|2016,DENV4,4I_B.1,representatives
PP_005SE7G|2014,DENV2,2II_A,representatives
PP_005SE8E|2014,DENV2,2II_A.2.1,representatives
PP_005SLXV|2001,DENV2,2II_C.2,representatives
PP_005SM2K|2001,DENV2,2II_C.2,representatives
PP_005SMS4|2002,DENV2,2II_C.2,representatives
PP_005SMXU|2002,DENV2,2II_C.2,test_set
PP_005SMZQ|2002,DENV2,2II_C.2,representatives
PP_005SN2J|2002,DENV2,2II_C.2,representatives
PP_005SQ4C|2016,DENV1,1III_B,representatives
PP_005SQ5A|2016,DENV3,3III_B.1,representatives
PP_005SVEM|2014-12,DENV1,1I_K,representatives
PP_005T0UK|2015,DENV1,1I_K.6,representatives
PP_005T1L0|2016,DENV1,1I_E.1,representatives
PP_005T1QS|2016,DENV1,1IV_B.1,test_set
PP_005T1UJ|2017,DENV1,1I_E.1,representatives
PP_005T49L|2012,DENV1,1V_E,representatives
PP_005T4DC|2012,DENV1,1VII_B,representatives
PP_005TPDT|2014-12,DENV3,3III_A.2,representatives
PP_005TPER|2014-12,DENV4,4II_A.1,representatives
PP_005TQ58|2015-10-26,DENV2,2III_D.2.2,representatives
PP_005U4JZ|2015-10-15,DENV2,2III_D.2.1,representatives
PP_005U4MT|2015-10-02,DENV1,1V_D.1,representatives
PP_005U4UD|2010-08-31,DENV2,2III_D.2,representatives
PP_005VM3B|2012,DENV2,2III_D.1,representatives
PP_005VMM8|2014,DENV2,2II_A.1.1.2,representatives
PP_005VMN6|2013-08-30,DENV2,2II_A.1.1.2,representatives
PP_005VN80|2012,DENV1,1III_A,representatives
PP_005VNBU|2016,DENV3,3I_A.1,representatives
PP_005VQ0E|2017,DENV2,2II_E.2,representatives
PP_005VQ62|2017,DENV2,2II_D.3,representatives
PP_005VTM2|2013-01-04,DENV4,4II_A,representatives
PP_005VTUN|2016-10-26,DENV2,2II_A.1.1.2,representatives
PP_005VTXG|2017-10-22,DENV1,1III_A.3,representatives
PP_005VUAQ|2016,DENV1,1IV_A,representatives
PP_005VYRP|2017-11-02,DENV1,1I_K.1.2,test_set
PP_005W45N|2017-03-28,DENV2,2III_C.1.1,representatives
PP_005W7V4|2017-08-08,DENV2,2II_F.1.3,representatives
PP_005W7X0|2016-04-22,DENV2,2II_D.1,representatives
PP_005W80U|2017-08-07,DENV2,2II_D.3,representatives
PP_005W9HS|2017-04-22,DENV1,1III_A.3,representatives
PP_005WB4H|2019-01-21,DENV4,4I_A.3.2,representatives
PP_005WB5F|2018-08-31,DENV4,4II_A.3,representatives
PP_005WCR7|2018-08-31,DENV4,4II_A.3,test_set
PP_005WG76|2018,DENV2,2II_D.2,representatives
PP_005WG84|2018,DENV2,2II_C.1,representatives
PP_005WGCW|2018,DENV2,2II_A.2.1,representatives
PP_005WJGL|2016-08-26,DENV1,1III_A,representatives
PP_005WJR1|2016-08-09,DENV1,1III_B,test_set
PP_005WJVT|2016-10-25,DENV1,1III_B,representatives
PP_005WKAX|2016-10-09,DENV4,4I_B.1,representatives
PP_005WKBV|2016-07-03,DENV4,4I_B.2,representatives
PP_005WKM8|2018-02-05,DENV3,3I_A.1,test_set
PP_005WNN3|2015-09-10,DENV1,1I_J,representatives
PP_005WPJA|2017-09-19,DENV1,1I_E.1,representatives
PP_005WPRW|2016-02-25,DENV1,1I_E.1,representatives
PP_005WQ7Y|2015-05-09,DENV2,2II_D.3,representatives
PP_005WQ9U|2015-05-17,DENV2,2II_E.2,representatives
PP_005WQEJ|2014-09-23,DENV2,2II_F.1.2,representatives
PP_005WQQX|2015-12-30,DENV2,2V_A.1.1,representatives
PP_005WQUP|2015-07-24,DENV3,3I_A,representatives
PP_005WR19|2015-12-22,DENV3,3I_A.2,representatives
PP_005WR35|2015-10-03,DENV3,3I_C.2.1,representatives
PP_005WR9T|2016-09-20,DENV3,3III_B.3.1,representatives
PP_005WRBP|2017-09-18,DENV3,3I_A.1.2,test_set
PP_005WRFF|2015-08-20,DENV4,4I_A.3.1,representatives
PP_005WRJ8|2015-10-03,DENV4,4I_A.1.2,representatives
PP_005WRM2|2016-02-01,DENV4,4I_A.3,representatives
PP_005WRN0|2016-08-16,DENV4,4I_B.1,representatives
PP_005WTBM|2017-11,DENV3,3I_A.1.1,representatives
PP_005WVVG|2016,DENV4,4II_B.3,representatives
PP_005WWCG|2011,DENV1,1V_G,representatives
PP_005WWH5|2013,DENV1,1V_G,representatives
PP_005WWMX|2013,DENV4,4II_B.3,representatives
PP_005WWNV|2013,DENV4,4II_B.3,representatives
PP_005X3GZ|2010-08-03,DENV1,1I_K.5,representatives
PP_005X49C|2011-07-20,DENV1,1I_F,test_set
PP_005X4X1|2012-06-25,DENV1,1I_K.5,test_set
PP_005X55K|2012-10-01,DENV1,1I_K.5,representatives
PP_005X5C5|2012-11-13,DENV2,2V_A.1.3,representatives
PP_005X5FZ|2012-09-24,DENV2,2V_A.1.3,representatives
PP_005X64L|2011-09-26,DENV2,2V_A.1.3,representatives
PP_005X65J|2012-07-09,DENV2,2V_A.1.3,test_set
PP_005X66G|2012-10-11,DENV2,2V_A.1.3,representatives
PP_005X6MK|2012-10-02,DENV2,2V_A.1.3,representatives
PP_005X7LL|2012-08-06,DENV2,2V_A.5,representatives
PP_005X7MJ|2012-09-10,DENV2,2V_A.5,representatives
PP_005X7YW|2011-07-21,DENV2,2V_A.1,representatives
PP_005X8YV|2012-06-07,DENV2,2V_A,representatives
PP_005X9EX|2012-06-11,DENV2,2V_A.5,test_set
PP_005X9GT|2012-09-11,DENV2,2V_A.5,representatives
PP_005XAHP|2011-09-20,DENV2,2V_A.4,representatives
PP_005XAQ9|2011-06-23,DENV2,2V_A.5,representatives
PP_005XAS5|2011-09-23,DENV2,2V_A.4,representatives
PP_005XBDX|2010-09-15,DENV2,2V_A.4,representatives
PP_005XBT2|2011-09-21,DENV2,2V_A.1,test_set
PP_005XBVY|2011,DENV2,2V_A.3,representatives
PP_005XCR5|2010-04-19,DENV3,3II_A.5,test_set
PP_005XD0M|2010-06-23,DENV3,3II_A.5,representatives
PP_005XDXS|2011-12-27,DENV3,3II_A.5,representatives
PP_005XEDU|2012-07-16,DENV4,4I_A.3,representatives
PP_005XEQ5|2016-01-20,DENV3,3III_B.1,test_set
PP_005XETZ|2015-10-04,DENV2,2III_D.3.2,representatives
PP_005XEUX|2015-04-28,DENV2,2III_D.3.2,representatives
PP_005XEXR|2015-05-27,DENV2,2III_D.3.2,representatives
PP_005XG58|2019-09-01,DENV1,1I_K.3,representatives
PP_005XG66|2017-04,DENV1,1V_D.1.2,test_set
PP_005XGWR|2019-07,DENV1,1VII_A,representatives
PP_005XH2D|2013-04,DENV2,2II_A.2.2,representatives
PP_005XH81|2017-07,DENV2,2II_A.2.2,representatives
PP_005XHDR|2013-05,DENV2,2II_B,representatives
PP_005XHFM|2014-06,DENV2,2II_B,representatives
PP_005XJ56|1999-04-09,DENV2,2III_B,representatives
PP_005XMYG|2018-10,DENV1,1I_K.1.2,representatives
PP_005XMZE|2018-10,DENV1,1I_K.1.2,representatives
PP_005XN0C|2018-10,DENV1,1I_K.1.2,representatives
PP_005XN1A|2018-10,DENV1,1I_K.1.2,representatives
PP_005XS9Q|2013-12-30,DENV1,1I_K.6,test_set
PP_005XWX9|2017-07-18,DENV1,1I_E.1.2,representatives
PP_005XWY7|2017-07-18,DENV1,1I_E.1.2,test_set
PP_005XWZ5|2017-07-18,DENV1,1I_E.1.2,representatives
PP_005XX2Z|2017-07-18,DENV1,1I_E.1.2,representatives
PP_005XX3X|2017-07-18,DENV1,1I_E.1.2,representatives
PP_005XXAH|2017-07-18,DENV1,1I_E.1.2,representatives
PP_005XXCD|2017-07-31,DENV1,1I_E.1.1,representatives
PP_005XXE9|2017-07-31,DENV1,1I_E.1.1,test_set
PP_005XXG5|2017-07-31,DENV1,1I_E.1.1,representatives
PP_005XXH2|2017-07-31,DENV1,1I_E.1.1,representatives
PP_005XXKY|2017-07-31,DENV1,1I_E.1.1,representatives
PP_005XXNS|2017-07-31,DENV1,1I_E.1.1,representatives
PP_005XXSJ|2017-07-31,DENV1,1I_E.1.1,representatives
PP_005YDQ4|2019-06-23,DENV3,3I_A.2,representatives
PP_005YEJF|2019-01-20,DENV1,1I_K.1.1,representatives
PP_005YEN7|2019-05-09,DENV1,1III_A.2,representatives
PP_005YEVT|2019-07-08,DENV2,2II_F.1.1,representatives
PP_005YEXP|2019-08-24,DENV2,2II_D.4.1,representatives
PP_005YEZK|2019-10-14,DENV2,2V_A.1.1,representatives
PP_005YF1F|2019-05-31,DENV2,2V_A.1.2,representatives
PP_005YF65|2019-10-02,DENV2,2V_A.2,representatives
PP_005YF81|2019-09-01,DENV2,2V_A.1.2,representatives
PP_005YGP3|2014-07-24,DENV1,1I_K.6,representatives
PP_005YGRZ|2014-09-23,DENV1,1I_J,representatives
PP_005YH0F|2017-07-31,DENV1,1I_K.3,representatives
PP_005YH2B|2018-08-09,DENV1,1I_K.1.2,representatives
PP_005YH47|2018-10-16,DENV1,1I_E.1,representatives
PP_005YNAQ|2019-01-17,DENV2,2III_C.3,representatives
PP_005YNVK|2019-11-16,DENV1,1I_H.1,representatives
PP_005YRNW|2018-06-13,DENV3,3I_A.1.1,representatives
PP_005YT6T|2018-06-08,DENV1,1V_E.4,test_set
PP_005Z18D|2017-10-16,DENV3,3III_B.2.2,representatives
PP_005Z1D3|2017-10-12,DENV3,3III_B.2.2,representatives
PP_005Z1E1|2017-10-27,DENV3,3III_B.2.2,representatives
PP_005Z4WZ|2010,DENV4,4II_A.3,representatives
PP_005ZF1D|2015,DENV1,1IV_B.2,representatives
PP_005ZF2B|2015,DENV1,1IV_B.2,test_set
PP_005ZF63|2012,DENV1,1IV_B.2,representatives
PP_005ZF71|2012,DENV1,1IV_B.2,representatives
PP_005ZFEM|2013,DENV1,1IV_B.2,representatives
PP_005ZFRY|2015,DENV2,2II_C.1,representatives
PP_005ZKHA|2019-03-19,DENV1,1V_E.1,representatives
PP_005ZLSR|2019-09-13,DENV2,2III_D.1.2.2,representatives
PP_005ZLWH|2000,DENV2,2II,representatives
PP_005ZLXF|2004,DENV2,2II_E,representatives
PP_005ZMAP|2019-01-18,DENV1,1V_F.1,test_set
PP_005ZMFD|2019-04-08,DENV1,1V_F.1,representatives
PP_005ZNK3|2017-05-08,DENV1,1V_E.1,representatives
PP_005ZQSM|2019-01-31,DENV2,2III_C.1.1,test_set
PP_005ZTMU|2016-01-25,DENV2,2III_C.3,representatives
PP_005ZUBE|2019-09-08,DENV2,2II_B,representatives
PP_00600JR|2016-06-19,DENV1,1VII_A,representatives
PP_00600S9|2019-11-30,DENV1,1I_K.1.1.2,representatives
PP_00600U5|2019-11-30,DENV1,1I_K.1.1.2,representatives
PP_00601GV|2016-04-06,DENV1,1I_E.4,representatives
PP_00601HS|2016-08-07,DENV1,1I_E.4,representatives
PP_00601KN|2016-02-09,DENV1,1I_E,representatives
PP_0060298|2012-04-28,DENV1,1IV_A,representatives
PP_00602A6|2012-05-16,DENV1,1I_E,representatives
PP_00602S7|2016-04-27,DENV1,1I_E.2,representatives
PP_00603DZ|2018-11,DENV3,3III_B.2.2,representatives
PP_006046C|2020-09-07,DENV3,3I_A.1.2,representatives
PP_0060975|2017-04-12,DENV1,1I_E.2,representatives
PP_00609BX|2017-03-17,DENV1,1I_E.2,representatives
PP_00609DT|2017-03-29,DENV1,1I_E.2,representatives
PP_00609ER|2017-03-24,DENV1,1I_E.2,representatives
PP_00609GM|2017-03-11,DENV1,1I_E.2,test_set
PP_00609JG|2017-06-05,DENV1,1I_E.2,representatives
PP_0060EWM|2014-12-10,DENV1,1V_F,representatives
PP_0060FDM|2019-10,DENV1,1I_H.1,representatives
PP_0060FK8|2019-07-02,DENV3,3I_A.2,representatives
PP_0060FM4|2019-07-04,DENV3,3I_A.2,test_set
PP_0061AQ1|2018-03-31,DENV2,2II_A.2.1,test_set
PP_00623UY|2009,DENV2,2II_E.1,representatives
PP_006240L|2011,DENV2,2II_A.1,test_set
PP_006242G|2011,DENV2,2II_D,representatives
PP_006244C|2011,DENV2,2II_F.1.2,representatives
PP_0062476|2011,DENV2,2II_F.2,representatives
PP_00624FQ|2012,DENV2,2II_F.2,representatives
PP_00624GN|2012,DENV2,2II_F.2.3,representatives
PP_00624VV|2013,DENV2,2II_A.1,representatives
PP_006254B|2013,DENV2,2II_F.1.2,representatives
PP_0062575|2013,DENV2,2II_F.1.2,representatives
PP_0062591|2013,DENV2,2II_F.2.2,test_set
PP_00625AZ|2013,DENV2,2II_F.2.2,representatives
PP_00625GM|2014,DENV2,2II_A.1.1.2,representatives
PP_00625JG|2014,DENV2,2II_E,representatives
PP_00625KE|2014,DENV2,2II_D.1,representatives
PP_00625XQ|2014,DENV2,2II_F.1.2,test_set
PP_00625YN|2014,DENV2,2II_F.2.1,representatives
PP_006260J|2014,DENV2,2II_F.2,representatives
PP_006262E|2014,DENV2,2II_C.1,representatives
PP_00626HH|2015,DENV2,2II_F.1,representatives
PP_00626N7|2016,DENV2,2II_F.1.1,representatives
PP_00626ZK|2016,DENV2,2II_F.1.3,representatives
PP_006271F|2016,DENV2,2II_F.2.1,representatives
PP_00627GK|2018,DENV2,2II_D.4,representatives
PP_0062F33|2019-06-21,DENV1,1IV,representatives
PP_0062HMY|2010-10,DENV4,4II_A.2,test_set
PP_0062HWE|2014-10,DENV2,2II_D.1.1,representatives
PP_0062J22|2014-10,DENV2,2II_D.1.1,representatives
PP_0062JJ3|2017-07,DENV2,2II_F.2.1,representatives
PP_0062JVF|2017-07,DENV2,2II_F.2.1,representatives
PP_0062JY9|2017-07,DENV2,2II_F,representatives
PP_0062KCF|2018-05,DENV3,3I_A.1.2,representatives
PP_0062KXA|2018-08,DENV3,3I_A.1.2,representatives
PP_0062LH3|2017-06,DENV4,4I_A.3.2,representatives
PP_0062LLX|2017-08,DENV4,4I_A.3.2,representatives
PP_0062LUF|2018-07,DENV4,4I_A.3.2,representatives
PP_0062M03|2018-07,DENV4,4I_A.3.2,representatives
PP_0062MVC|2018-10,DENV1,1I_H.1,test_set
PP_0062N2Y|2018-07,DENV1,1I_J,representatives
PP_0062NDA|2021-01-08,DENV4,4II_A.1.3,test_set
PP_0062PX6|1999,DENV4,4III,representatives
PP_0062Q2W|2010,DENV4,4I_A.1,representatives
PP_0062Q8J|2006,DENV4,4I_A.2,representatives
PP_0062Q9G|2011,DENV4,4I_A.3.1,test_set
PP_0062R3T|2013,DENV4,4I_A.2,representatives
PP_0062RPL|2006,DENV4,4I_A.2,representatives
PP_0062TMN|1996,DENV4,4III,representatives
PP_0062TPJ|2001,DENV4,4III,representatives
PP_0062U4N|1973,DENV4,4II_A,representatives
PP_0062U5L|2012,DENV4,4I_A.3.1,representatives
PP_0062UMM|2008,DENV4,4I_A.2,representatives
PP_0062UX1|1994,DENV4,4I_A,representatives
PP_0062UYZ|2008,DENV4,4I_A.3,representatives
PP_0062V1T|1997,DENV4,4III,representatives
PP_0062WT7|2005,DENV4,4III,representatives
PP_0062XQC|1997,DENV4,4III,test_set
PP_0062XT6|1999,DENV4,4I_A,representatives
PP_0062Y1Q|1996,DENV1,1I,test_set
PP_0062YNF|1999,DENV1,1I_K,representatives
PP_0062YWZ|1998,DENV1,1I,representatives
PP_0062ZDZ|2006,DENV1,1I_H.3,test_set
PP_0062ZJN|2006,DENV1,1I_H,test_set
PP_0062ZKL|1995,DENV1,1I_B,representatives
PP_0062ZPC|2012,DENV1,1I_J,representatives
PP_0062ZR8|1997,DENV1,1I_A,representatives
PP_0062ZWY|1994,DENV1,1I_B.1,representatives
PP_0062ZXW|1995,DENV1,1I_B.1,representatives
PP_006300N|1964,DENV1,1II,representatives
PP_00630GQ|2013,DENV1,1I_K.6,representatives
PP_0063185|2004,DENV1,1I_H,representatives
PP_0063268|2006,DENV1,1I_H.3,representatives
PP_00632ES|1994,DENV1,1I_B.1,representatives
PP_00632LD|2003,DENV1,1I_H,representatives
PP_00632Q5|2011,DENV1,1I_H,representatives
PP_00634WR|1983,DENV1,1III,test_set
PP_006350H|1995,DENV1,1I_B.1,representatives
PP_006352D|1995,DENV1,1I_A,representatives
PP_0063656|2010,DENV1,1V_E,representatives
PP_0063672|2003,DENV1,1I_F,representatives
PP_00636HF|1996,DENV1,1I_B.1,representatives
PP_00636KB|2003,DENV1,1I_H,representatives
PP_00636M7|1999,DENV1,1I,representatives
PP_00636N5|2006,DENV1,1I_H.3,representatives
PP_00636P3|1996,DENV1,1I_A,test_set
PP_00636TV|2010,DENV1,1I_F,representatives
PP_00637BT|1996,DENV1,1I_F,representatives
PP_00637KA|1995,DENV1,1I_B.1,test_set
PP_00637P2|2006,DENV1,1I_H.3,representatives
PP_0063846|1982,DENV1,1I_B,test_set
PP_00638CQ|2006,DENV1,1I_K,representatives
PP_00638JB|1996,DENV1,1I,representatives
PP_00638N3|1980,DENV1,1III,representatives
PP_006398X|1999,DENV1,1I_G,representatives
PP_00639AT|1998,DENV1,1I_A,representatives
PP_00639UQ|1997,DENV1,1I_H,representatives
PP_0063AK7|1995,DENV1,1I_A,representatives
PP_0063B19|2000,DENV1,1I_J,representatives
PP_0063B35|2006,DENV1,1I_K.7,representatives
PP_0063BL4|2014,DENV1,1I_K.1.2,representatives
PP_0063CCL|1994,DENV2,2V,test_set
PP_0063CTP|2001,DENV2,2V_C,representatives
PP_0063CUM|2004,DENV2,2V_A,representatives
PP_0063CYD|1995,DENV2,2V_D,representatives
PP_0063DTN|2006,DENV2,2V,representatives
PP_0063EZ9|2004,DENV2,2V_E,test_set
PP_0063F4Z|2003,DENV2,2V_A,representatives
PP_0063FDF|2010,DENV2,2V_A.4,representatives
PP_0063FFB|1994,DENV2,2V_C,representatives
PP_0063FYA|2011,DENV2,2V_A.5,representatives
PP_0063GY9|1996,DENV2,2V_A,representatives
PP_0063H05|1994,DENV2,2V,representatives
PP_0063H6T|2001,DENV2,2V_C,representatives
PP_0063HVE|2000,DENV2,2V_A,test_set
PP_0063J4W|1997,DENV2,2V_B,representatives
PP_0063J5U|1988,DENV2,2III_A,representatives
PP_0063JH3|1999,DENV2,2V_B,representatives
PP_0063JNT|1974,DENV2,2II_A,representatives
PP_0063K2Z|2002,DENV2,2V_D,representatives
PP_0063KKY|1998,DENV2,2V_C,representatives
PP_0063KLW|2011,DENV2,2V_A.3,representatives
PP_0063KRL|1994,DENV2,2V_B,test_set
PP_0063KTG|2005,DENV2,2V_E,representatives
PP_0063LTF|1997,DENV2,2V_B,representatives
PP_0063LW9|2011,DENV2,2V_A.3,representatives
PP_0063M2X|1998,DENV2,2V_D,test_set
PP_0063MH0|1996,DENV2,2I,representatives
PP_0063MRJ|2004,DENV2,2III_C,representatives
PP_0063MY4|1997,DENV2,2V_C,representatives
PP_0063N3U|2005,DENV2,2V_E,representatives
PP_0063NAE|2011,DENV2,2V_A.4,representatives
PP_0063P1X|1998,DENV3,3II_A,representatives
PP_0063PPL|1997,DENV3,3II_A.4,representatives
PP_0063Q2U|2011,DENV3,3II_B,representatives
PP_0063QV7|1992,DENV3,3I_B,representatives
PP_0063RNL|2001,DENV3,3II_A.4,representatives
PP_0063SPH|2003,DENV3,3II_A,representatives
PP_0063T2R|1997,DENV3,3II_A,test_set
PP_0063TV4|2006,DENV3,3II_B,test_set
PP_0063UMK|1999,DENV3,3II_A.4,representatives
PP_0063UNH|2003,DENV3,3II_A.3,representatives
PP_0063VXY|2003,DENV3,3II_A.4,representatives
PP_0063WA6|2003,DENV3,3II_A,representatives
PP_0063XQA|1997,DENV3,3II_A,representatives
PP_0063XS6|1999,DENV3,3II_A.5,representatives
PP_0063YMF|1978,DENV3,3I_B,representatives
PP_006401J|2013,DENV1,1V_B,test_set
PP_00640A0|2014,DENV1,1V_B,representatives
PP_00640BY|2013,DENV1,1V_C,representatives
PP_00640WT|2013,DENV3,3III_C.2.1,representatives
PP_00640YP|2013,DENV3,3III_C.2.1,representatives
PP_006410K|2014,DENV3,3III_C.2.1,representatives
PP_00641BX|2014-05-21,DENV2,2II_D.1.2,representatives
PP_00641DT|2018-06-24,DENV2,2II_A.2.2,representatives
PP_00641HJ|2016-04-06,DENV1,1VII_A,representatives
PP_00641KE|2019-05-28,DENV1,1VII_A,representatives
PP_00641S0|2016-02-26,DENV1,1VII_A,test_set
PP_006423C|2007-05-21,DENV4,Unassigned,representatives
PP_0064D07|2019-03,DENV3,3III_B.4,representatives
PP_0064GRM|2019-11-19,DENV2,2V_A.2,representatives
PP_0064GVD|2019-12-30,DENV2,2II_F.1.1,representatives
PP_0064J6Q|2014,DENV2,2II_D.1.2,representatives
PP_0064JDA|2017,DENV2,2II_A.1.1,representatives
PP_0064JE8|2007,DENV2,2II_A.1.1,test_set
PP_0064JJZ|1991-09-17,DENV3,3II_A,representatives
PP_0064JPP|2020-10-28,DENV2,2III_D.1.2.2,representatives
OK040058.1|2017,DENV4,4II_A.1.1.2,representatives
PP_0064LRH|2011,DENV1,1I_B.2,representatives
PP_0064Q7G|1997,DENV1,1IV,representatives
PP_0064QAA|1985,DENV2,2V,representatives
PP_0064QB8|1981,DENV2,2III,representatives
PP_0064QC6|1988,DENV2,2IV,representatives
PP_0064QHV|1993,DENV2,2II,representatives
PP_0064QKR|1989,DENV3,3II,representatives
PP_0064QLP|1973,DENV3,3II,representatives
PP_0064QMM|1976,DENV3,3II,representatives
PP_0064QNK|1963,DENV4,4I,representatives
PP_0064QPH|1976,DENV4,4I_A,representatives
PP_0064QT9|1995,DENV4,4II_B,representatives
PP_0064QU7|2019-09-26,DENV1,1I_K.1.1.2,representatives
PP_0064QW3|2019-09-26,DENV1,1I_K.1.1.2,representatives
PP_0064RT8|1983,DENV1,1IV,representatives
PP_0064RU6|1997,DENV1,1V_H,representatives
PP_0064S0U|1988,DENV2,2IV,representatives
PP_0064S2Q|2007,DENV3,3III_C.2,representatives
PP_0064S9A|1983,DENV4,4I_B,representatives
PP_0064SMK|2019-05-21,DENV4,4II_A.1.1.1,representatives
PP_0064SS9|2019-05-30,DENV4,4II_A,representatives
PP_0064ST7|2019-06-20,DENV4,4II_A.1.1.1,representatives
PP_0064SU5|2019-06-25,DENV4,4II_A.1,representatives
PP_0064SV3|2019-06-24,DENV4,4II_A.1.1.1,representatives
PP_0064SW1|2019-06-26,DENV4,4II_A.1.1.1,representatives
PP_0064SXZ|2019-06-28,DENV4,4II_A.1.1.2,representatives
PP_0064T4K|2016-02-08,DENV1,1IV_A,representatives
PP_0064TA7|2016-04-12,DENV2,2II_E.2,test_set
PP_0064U0S|2020-08,DENV2,2II_F.1.1.1,representatives
PP_0064UGU|2020-06,DENV2,2II_F.1.1.1,representatives
PP_0064UKM|2020-07,DENV2,2II_F.1.1.1,test_set
PP_0064UMH|2020-08,DENV2,2II_F.1.1.1,representatives
PP_0064UNF|2020-08,DENV2,2II_F.1.1.1,representatives
PP_0064UU3|2019-08,DENV2,2V_A.1.2,representatives
PP_0064UXX|2020-08,DENV2,2II_F.1.1.1,representatives
PP_0064V97|2017-04-30,DENV2,2II_B,representatives
PP_0064WWX|1953,DENV3,Unassigned,representatives
PP_0064XHN|2019-12,DENV1,1IV_B.2,representatives
PP_0064XT2|2020-12,DENV1,1IV_B.1,representatives
PP_0064YCY|2010-10-27,DENV4,4II_B.2,representatives
PP_0064YDW|2011-10-10,DENV4,4II_B.2,representatives
PP_0064YHM|2021-06-30,DENV2,2III_D.1.2.2,test_set
PP_0064YJK|2021-09-21,DENV2,2III_D.1.2,representatives
PP_0064Z3F|2021-11-16,DENV2,2II_A,representatives
PP_0064Z5B|2021-11-16,DENV2,2II_A.1.1.1,representatives
PP_0064ZFR|2021-11-16,DENV4,4I_B.1,representatives
PP_0064ZYQ|2021-11-16,DENV2,2II_F.1.1,representatives
PP_00650GL|2020-02-18,DENV1,1V_E.2,representatives
PP_00650LB|2013-07-24,DENV1,1V_E.3,representatives
PP_0065DDD|2009-12-14,DENV1,1I_F,representatives
PP_0065DG7|2011-06-09,DENV1,1I_K.6,representatives
PP_0065DK0|2012-11-26,DENV1,1I_K.5,representatives
PP_0065JNP|2012-10,DENV2,2II_A,test_set
PP_0065JPM|2012-10,DENV2,2III_C.1,representatives
PP_0065JRH|2016-05,DENV2,2II_A.1.1.2,representatives
PP_0065JSF|2016-05,DENV2,2II_A.1.1.2,representatives
PP_0065JTD|2016-11,DENV2,2II_A.1.1.2,test_set
PP_0065JUB|2014-03,DENV2,2II_D.1.2,representatives
PP_0065JV9|2014-12,DENV2,2II_D.1.2,test_set
PP_0065JW7|2014-05,DENV2,2II_D.1.2,representatives
PP_0065K0Z|2013-06,DENV3,3II_A.5,representatives
PP_0065K1X|2016-02,DENV3,3I_A.1,representatives
PP_0065P4M|2023-07-01,DENV1,1V_D.1.2,representatives
PP_0065VB1|2000,DENV1,1V_H,representatives
PP_0065VT2|1980,DENV2,2VI,representatives
PP_0065VVY|2009,DENV2,2II_F.1.2,representatives
PP_0065YLD|2009-12-10,DENV2,2V_A.4,test_set
PP_00661N4|2021,DENV1,1III_A.3,representatives
PP_00662CQ|2021-08,DENV3,3I_A.2,representatives
PP_00662SV|2021-05-07,DENV1,1V_D.1.2,representatives
PP_00663N2|2020,DENV2,2II_A.2.1,representatives
PP_00663P0|2020,DENV1,1III_A.3,representatives
PP_00663QY|2020,DENV2,2II_A.1.1.1,representatives
PP_00663RW|2020,DENV2,2II_A.1.1,representatives
PP_00663VN|2019,DENV1,1III_A.3,test_set
PP_006640C|2018,DENV1,1III_A.4,representatives
PP_006648W|2018,DENV3,3III_B.3,representatives
PP_00664BQ|2019-04-13,DENV2,2III_C.3,representatives
PP_00665YE|2018-10-28,DENV2,2II_B,test_set
PP_006677V|2020-01-22,DENV1,1V_C,representatives
PP_00667DH|2021-03-15,DENV1,1V_A.2,representatives
PP_00667FD|2021-03-20,DENV1,1V_A.2,test_set
PP_00668J5|2021-03-29,DENV1,1V_A.2,representatives
PP_0066AUH|2022-04-12,DENV1,1V_D.1.1,representatives
PP_0066B8P|2022-04-04,DENV1,1V_E.1,representatives
PP_0066CBG|2022-03-25,DENV1,1V_F.1,representatives
PP_0066EKX|2022-04-25,DENV2,2III_C.1.1,representatives
PP_0066ENR|2022-03-11,DENV2,2III_C.1.1,representatives
PP_0066F1Z|2020-08-24,DENV1,1III_A.4,representatives
PP_0066F2X|2015-01-29,DENV2,2III_D.2,representatives
PP_0066HC9|2019,DENV1,1III_A.3,representatives
PP_0066HD7|2018,DENV2,2II_A.1.1.1,test_set
PP_0066HV8|2019-06-21,DENV1,1I_K.1.1.2,representatives
PP_0066J5N|2017-08-07,DENV2,2II_D.2,representatives
PP_0066J7J|2019-05-31,DENV2,2V_A.1.2,test_set
PP_0066J8G|2019-11-09,DENV3,3III_B.2.2,test_set
PP_0066JV7|2019-06-21,DENV1,1I_K.1.1.2,test_set
PP_0066KB9|2019-09-16,DENV2,2II_F.2,test_set
PP_0066KTA|2019-06-01,DENV3,3III_B.3.1,representatives
PP_0066KU8|2017-09-11,DENV4,4I_A.3.2,test_set
PP_0066P3M|2019-07,DENV1,1I_H.1,representatives
PP_0066R1P|2018,DENV2,2II_A.2.1,representatives
PP_0066R3K|2019,DENV2,2II_A.2.1,representatives
PP_0066RXW|2008-09,DENV3,3III_A.2,representatives
PP_0066RZS|2014-10,DENV3,3I_C.1,representatives
PP_0066V0M|2022-03-30,DENV2,2II_F.1.1.2,representatives
PP_0066W1J|2022-04-28,DENV2,2II_F.1.1.2,representatives
PP_0066X0K|2022-01-31,DENV2,2II_F.1.1.2,test_set
PP_0066Y1G|2020-05,DENV4,4II_A.1.3,representatives
PP_0066Y58|2020-10,DENV4,4II_A.1.1.2,representatives
PP_0066Y66|2021-11,DENV4,4II_A.1.3,representatives
PP_0066YAY|2022-07,DENV4,4II_A.1.3,representatives
PP_0066YBW|2022-07,DENV4,4II_A.1.3,representatives
PP_0066YUV|2017-08-28,DENV2,2II_A.1.1.1,representatives
PP_0066ZVS|2018-09-30,DENV2,2V_A.1.1,representatives
PP_0067046|2019-01-20,DENV2,2II_E.2,representatives
PP_0067070|2019-08-16,DENV2,2II_F.1.1,representatives
PP_006708Y|2019-09-07,DENV2,2V_A.1.1,representatives
PP_0067327|2021,DENV4,4I_B.1,test_set
PP_0067351|2021,DENV4,4I_B.1,representatives
PP_006759R|2018,DENV3,3III_B.3,representatives
PP_00675NY|2022-04,DENV1,1III_A.1,representatives
PP_00675PW|2022-10,DENV1,1III_A.1,test_set
PP_00676DG|2022-07-29,DENV2,2II_F.1.1,representatives
PP_00679J2|2018,DENV4,4I_B.1,representatives
PP_0067AF8|2019-06-26,DENV2,2V_A.1.1,representatives
PP_0067AG6|2017-08-03,DENV2,2V_A,representatives
PP_0067AMV|1983,DENV1,1IV,representatives
PP_0067ANT|1997,DENV1,1III,representatives
PP_0067ARM|2019-03-21,DENV1,1V_F.1,representatives
PP_0067ATH|2019-03-30,DENV1,1V_F.1,representatives
PP_0067AX9|2019-04-10,DENV1,1V_E,representatives
PP_0067B9K|2019-05-08,DENV2,2III_C.1.1,representatives
PP_0067BCD|2020-08-17,DENV1,1I_H.1,representatives
PP_0067J8E|2017-02-24,DENV1,1I_E.3,representatives
PP_0067KX0|2017-07-06,DENV1,1I_E.3,representatives
PP_0067L2Q|2017-07-31,DENV1,1I_E.3,test_set
PP_0067NGU|2018-09-18,DENV2,2V_A.1.1,representatives
PP_0067U0L|2018-12-18,DENV4,4I_A.1.1,representatives
PP_0067U3E|2017-02-17,DENV4,4I_A.1.2,representatives
PP_0067UMB|2017-08-28,DENV4,4I_A.1.2,test_set
PP_0067VER|2018-11-20,DENV4,4I_A.1.1,test_set
PP_0067VR2|2019-01-07,DENV4,4I_A.1.2,representatives
PP_0067VWS|2019-01-15,DENV4,4I_A.1.2,representatives
PP_0067VXQ|2019-01-15,DENV4,4I_A.1.2,representatives
PP_0067VYN|2019-01-15,DENV4,4I_A.1.1,representatives
PP_0067WCU|2018-12-25,DENV4,4I_A.1.2,representatives
PP_0067WJF|2022-10-01,DENV1,1V_E.2,representatives
PP_0067WLB|2022-08-17,DENV2,2III_C.2,representatives
PP_0067WM9|2022-08-16,DENV2,2III_C.2,representatives
PP_0067WSZ|2022-09-27,DENV2,2III_D.1.1,representatives
PP_0067WUV|2022-10-27,DENV2,2III_C.2,representatives
PP_0067YVR|2022-08-10,DENV4,4II_B.1.2,representatives
PP_0067YYK|2022-10-26,DENV4,4II_B.1.2,representatives
PP_0067YZH|2022-11-03,DENV4,4II_B.2,representatives
PP_0068250|2014-02-27,DENV1,1V_A,representatives
PP_006826Y|2015-03-23,DENV1,1V_A,test_set
PP_00682AQ|2015-05-13,DENV1,1V_E.4,representatives
PP_00682DJ|2015-12-18,DENV1,1V_E.4,representatives
PP_00682J7|2016-01-29,DENV1,1V_E.4,representatives
PP_00682L3|2016-04-02,DENV1,1V_A.1,representatives
PP_00682NZ|2016-01-24,DENV1,1V_E.4,representatives
PP_00682YD|2017-03-27,DENV1,1V_A,representatives
PP_00684AN|2021-03-24,DENV2,2III_C.1.1,representatives
PP_00684CJ|2016-03-07,DENV4,4II_B.1.1,representatives
PP_00684TM|2020-01-13,DENV4,4II_B.1.1,representatives
PP_0068G9C|2017-06-24,DENV1,1VII_B,representatives
PP_0068GAA|2017-06-21,DENV1,1VII_B,representatives
PP_0068GC6|2017-04-11,DENV1,1VII_B,test_set
PP_0068GD4|2017-04-13,DENV1,1VII_B,representatives
PP_0068GHV|2013-06-18,DENV1,1V_D.1,representatives
PP_0068GJT|2015-10-09,DENV1,1V_D.2,representatives
PP_0068GU7|2013-04-20,DENV2,2III_D.3.2,test_set
PP_0068GV5|2013-07-09,DENV2,2III_D.3.2,representatives
PP_0068H0V|2013,DENV2,2III_D.3.2,representatives
PP_0068H1T|2014-01-14,DENV2,2III_D.3.1,representatives
PP_0068H2R|2014-09-18,DENV2,2III_D.3.1,representatives
PP_0068H4M|2015,DENV2,2III_D.3.1,representatives
PP_0068H5K|2015-08-25,DENV2,2III_D.3.1,representatives
PP_0068H7F|2015,DENV2,2III_D.3.1,test_set
PP_0068H8D|2015,DENV2,2III_D.3.1,representatives
PP_0068H9B|2015,DENV2,2III_D.2,representatives
PP_0068HA9|2015-08-27,DENV2,2III_D.2,test_set
PP_0068HD3|2016-01-28,DENV2,2III_D.3.1,representatives
PP_0068HQE|2016-08-23,DENV2,2III_D.3.1,representatives
PP_0068HZW|2015,DENV3,3III_C.2,representatives
PP_0068J0U|2015,DENV3,3III_C.1,representatives
PP_0068J5J|2013-09-18,DENV4,4II_B.1,representatives
PP_0068JHT|2022-03-31,DENV1,1V_A.1,representatives
PP_0068JXZ|2022-04-02,DENV2,2II_F.1.1.2,representatives
PP_0068L2N|2022-09,DENV3,3III_B.3.1,representatives
PP_0068MEX|2019-07-25,DENV2,2III_D.1.2,representatives
PP_0068MFV|2019-07-24,DENV2,2III_D.1.2,representatives
PP_0068PNC|2023-01-18,DENV2,2II_F.1.1.2,representatives
PP_0068Q3G|2021-11-20,DENV2,2III_D.2.1,representatives
PP_0068QCY|2016-07-12,DENV1,1V_D.1,representatives
PP_0068QDW|2016-03-15,DENV1,1V_C,representatives
PP_0068QNB|2021-11-16,DENV1,1V_E.2,representatives
PP_0068QS3|2022-06-17,DENV1,1V_D.1,test_set
PP_0068QXT|2022-08-28,DENV1,1V_D.1.1,representatives
PP_0068RFR|2019-08-23,DENV1,1V_C,representatives
PP_0068RLE|2022-12-07,DENV1,1V_D.1.2,representatives
PP_0068RMC|2013-08-05,DENV1,1V_E.3,test_set
PP_0068RXS|2013-08-29,DENV1,1V_E.2,representatives
PP_0068S1J|2019-10-23,DENV1,1V_D.1,representatives
PP_0068U66|2019-11-09,DENV2,2III_C.2,test_set
PP_0068U90|2019-11-13,DENV2,2III_C.2,representatives
PP_0068UM9|2022-06-20,DENV2,2III_D.1.1,representatives
PP_0068V1F|2022-08-18,DENV2,2III_C.2,representatives
PP_0068V65|2014-01-12,DENV2,2III_C.1,representatives
PP_0068VAX|2015-10-28,DENV2,2III_C.1.2,representatives
PP_0068VKC|2019-08-19,DENV2,2III_D.1.2,representatives
PP_0068VUU|2019-09-15,DENV2,2III_D.1.2,test_set
PP_0068YK9|2018-06-06,DENV2,2II_F.1.1,test_set
PP_0068ZUQ|2019-08-12,DENV3,3III_B.3.1,test_set
PP_0069026|2022-08-11,DENV3,3III_B.3.2,representatives
PP_00690K5|2012-10-03,DENV4,4II_B.1,test_set
PP_00690NZ|2013-09-04,DENV4,4II_B.3,test_set
PP_00690PX|2010-08-05,DENV4,4II_B.3,representatives
PP_00690RT|2014-06-21,DENV4,4II_B.3,representatives
PP_00690ZB|2022-07-11,DENV4,4II_B.1.2,test_set
PP_006916X|2013-08-18,DENV4,4II_A.1.2,representatives
PP_006917V|2013-08-14,DENV4,4II_A.1.2,representatives
PP_006919R|2016-03-21,DENV4,4II_A.1.2,representatives
PP_00697RL|2020-09,DENV1,1I_E.3,representatives
PP_00697SJ|2020-09,DENV1,1I_E.3,representatives
PP_006983W|2020-09,DENV2,2II_F.2.3,representatives
PP_00698Z3|2022-10-03,DENV2,2II_F.1.1.5,test_set
PP_006993V|2022-10-14,DENV2,2II_F.1.1.5,representatives
PP_0069JKM|2019-08-06,DENV1,1I_E.1,test_set
PP_0069P2H|2019-09,DENV3,3III_B.3.1,representatives
PP_0069RN8|2022-09-26,DENV2,2III_D.1.1,representatives
PP_0069SAY|2022-11-15,DENV4,4II_B.1.2,representatives
PP_0069SXP|2023-03-03,DENV1,1V_D.1.1,representatives
PP_0069V8Z|2023-03-23,DENV1,1V_E.1,representatives
PP_0069YXH|2020-11,DENV1,1V_E.2,test_set
PP_0069ZVL|2020-09,DENV3,3III_B.2.2,representatives
PP_006A26U|2021-02,DENV1,1I_K.2,test_set
PP_006AFB5|2019-07,DENV1,1III_A.2,test_set
PP_006ARHG|2014-05,DENV2,2II_D.1.2,representatives
PP_006ASJD|2022-03-24,DENV1,1V_D.1.1,representatives
PP_006ATTU|2022-04-06,DENV1,1V_A.1,representatives
PP_006AU1C|2022-04-12,DENV1,1V_D.1.1,test_set
PP_006AW0C|2022-04-17,DENV1,1V_D.1.1,representatives
PP_006AWXH|2022-04-15,DENV1,1V_E.1,representatives
PP_006AXQW|2004,DENV2,2II_A.1,representatives
PP_006AXYE|2008,DENV3,3III_C.1,representatives
PP_006AXZC|2004,DENV3,3III_A.1,representatives
PP_006AY26|1988,DENV4,4II_B,test_set
PP_006AY34|1973,DENV4,4IV,representatives
PP_006AY42|1975,DENV4,4IV,representatives
PP_006AY50|1975,DENV4,4IV,representatives
PP_006AY7W|2003,DENV4,4I_B,representatives
PP_006AY9S|1983,DENV1,1IV,test_set
PP_006AYBN|1986,DENV1,1V,representatives
PP_006AYDJ|1988,DENV1,1V,representatives
PP_006AYGC|1988,DENV1,1V,test_set
PP_006AYNZ|1970,DENV1,1VII,representatives
PP_006AYQV|1985,DENV1,1VII,representatives
PP_006AYUM|1985,DENV1,1IV_A,representatives
PP_006AZ6X|1963,DENV1,1II,representatives
PP_006AZEF|1963,DENV2,2I,representatives
PP_006AZFD|1967,DENV2,2I,test_set
PP_006AZM0|1988,DENV2,2II_B,representatives
PP_006AZNY|1969,DENV2,2II,representatives
PP_006AZSQ|1988,DENV2,2IV,test_set
PP_006AZTN|1994,DENV2,2II_A,representatives
PP_006AZYC|1987,DENV2,2IV,representatives
PP_006B06U|1966,DENV3,3III,representatives
PP_006B08Q|1984,DENV3,3I_A,representatives
PP_006B0AL|1986,DENV3,3I,test_set
PP_006B0G8|1987,DENV4,4II_B,representatives
PP_006B0J3|1961,DENV4,4I,test_set
PP_006B0PT|1988,DENV4,4I_B,test_set
PP_006B1SL|2019-03-11,DENV1,1III_A.4,representatives
PP_006B1Z6|2019-06-03,DENV1,1III_A.4,test_set
PP_006B23Y|2019-07-02,DENV3,3I_A.1.1,test_set
PP_006B24W|2019-07-04,DENV3,3I_A.1.1,representatives
PP_006B29L|2019-08-05,DENV3,3I_A.1.1,representatives
PP_006B3DB|2019-10-30,DENV1,1III_A.4,representatives
PP_006B3VC|2019-11-29,DENV3,3I_A.1.1,representatives
PP_006B49J|2019-12-31,DENV2,2II_F.1.1,representatives
PP_006B4E8|2020-01-06,DENV1,1III_A.4,representatives
PP_006B59H|2018-11-30,DENV1,1IV_B.1,representatives
PP_006B5JY|2015-02-06,DENV2,2II_C.1,test_set
PP_006B5KW|2015-05-22,DENV2,2II_C.1,representatives
PP_006B5X6|2018-11-30,DENV2,2II_C.1,representatives
PP_006B66N|2016-10-30,DENV4,4II_A.3,representatives
PP_006B6AE|2018-09-18,DENV4,4II_A.3,representatives
PP_006B6E6|2015-03-11,DENV3,3I_C.2,representatives
PP_006B6NP|2015-09-30,DENV3,3I_C.2.1,test_set
PP_006B6TD|2016-07-29,DENV3,3I_C.1,test_set
PP_006B6Z1|2017-01-31,DENV3,3I_C.2.1,representatives
PP_006B76M|2017-09-22,DENV3,3I_C.2.2,test_set
PP_006B7BB|2017-12-11,DENV3,3I_C.2.1,representatives
PP_006B7KU|2018-07-06,DENV3,3I_C.1,representatives
PP_006B7LS|2018-08-05,DENV3,3I_C.1,representatives
PP_006B7UA|2018-10-01,DENV3,3I_C.2.1,representatives
PP_006B85N|2019-07-18,DENV3,3I_C.2.3,representatives
PP_006B8AC|2019-07-22,DENV3,3I_C.2,representatives
PP_006B8BA|2019-07-26,DENV3,3I_C.1,representatives
PP_006B8C8|2019-07-28,DENV3,3I_C.2.2,representatives
PP_006B8E4|2019-07-29,DENV3,3I_C.2.1,test_set
PP_006B8Y1|2016-01-19,DENV1,1V_A.1,representatives
PP_006B93R|2016-02-02,DENV1,1V_E.4,representatives
PP_006BASB|2021-11-25,DENV1,1V_F.2,representatives
PP_006BAZX|2021-11-24,DENV1,1V_F.2,representatives
PP_006BC3N|2022-01-23,DENV1,1V_F.2,representatives
PP_006BC6G|2022-02-10,DENV1,1V_E.1,representatives
PP_006BCZV|2023-08-15,DENV3,3III_B.5,representatives
PP_006BDZU|2023-08-16,DENV2,2III_C.1.2,representatives
PP_006BE5G|2023-08-30,DENV2,2III_C.1.2,representatives
PP_006BEA6|2023-01-05,DENV2,2III_C.1.2,representatives
PP_006BEEY|2023-01-07,DENV2,2III_C.1.2,test_set
PP_006BEKM|2023-05-27,DENV2,2III_C.1.2,representatives
PP_006BF7B|2023-08-21,DENV3,3III_B.3.2,representatives
PP_006BFA5|2023-08-21,DENV3,3III_B.3.2,test_set
PP_006BGHP|2016-12-04,DENV3,3I_C.1,representatives
PP_006BH87|2023-05-01,DENV2,2II_F.1.1.2,representatives
PP_006BHHN|2023-09-18,DENV1,1I_K.1.1,representatives
PP_006BJQ7|2023-07-20,DENV2,2II_F.1.1.5,representatives
PP_006BLFQ|2023-04,DENV1,1I_K.3,representatives
PP_006BLUX|2022-09,DENV2,2II_F.1.1.3,representatives
PP_006BLVV|2022-09,DENV2,2II_F.1.1.3,representatives
PP_006BM1H|2022-10-05,DENV2,2II_F.2,representatives
PP_006BM2F|2022-10-06,DENV2,2II_F.1.3,representatives
PP_006BMCV|2023-08-28,DENV3,3I_A.2,representatives
PP_006BN0J|2023-10-12,DENV4,4II_B.2,test_set
PP_006BZFB|2023-09-12,DENV1,1III_A.1,representatives
PP_006BZH6|2023-09-12,DENV1,1III_A.1,representatives
PP_006BZNW|2023-09-12,DENV1,1III_A.1,representatives
PP_006C5Z0|2023-11-07,DENV2,2VI,representatives
PP_006C60Y|2023-11-07,DENV2,2VI,representatives
PP_006C62U|2023-09,DENV2,2II_D.4.2,representatives
PP_006C64Q|2023-12,DENV2,2II_F.1.1.6,representatives
PP_006C65N|2023-12,DENV2,2II_F.1.1.6,representatives
PP_006C69E|2023-11,DENV2,2II_F.1.1.6,test_set
PP_006C6JV|2023-09,DENV2,2II_F.1.1.5,representatives
PP_006C6RF|2023-07,DENV2,2II_F.1.1.6,representatives
PP_006C6SD|2023-07,DENV2,2II_F.1.1.6,representatives
PP_006C6V7|2023-05,DENV2,2II_A.2.2,representatives
PP_006C72T|2023-04,DENV2,2II_F.1.1.6,representatives
PP_006C79D|2023-06,DENV1,1IV_B,representatives
PP_006CSK7|2019,DENV1,1I_K.2,representatives
PP_006CSTR|2020,DENV1,1I_K.2,representatives
PP_006CT0B|2019,DENV1,1I_K.3,representatives
PP_006CTBP|2018,DENV1,1I_K.2,representatives
PP_006CTHA|2019,DENV1,1I_K,representatives
PP_006CU18|2020,DENV1,1IV_C,representatives
PP_006CU6Y|2019,DENV2,2II_F.1.3,test_set
PP_006CU8U|2019,DENV2,2II_F.2.3,representatives
PP_006CUAQ|2019,DENV2,2II_D.4.1,test_set
PP_006CUK5|2020,DENV2,2II_D.4.1,representatives
PP_006CUSR|2019,DENV2,2II_F.1.3.2,representatives
PP_006CUTP|2019,DENV2,2II_D.4.1,test_set
PP_006CUXF|2020,DENV2,2II_F.1,test_set
PP_006CVEF|2019,DENV2,2II_F.1.3.2,representatives
PP_006CVL2|2020,DENV2,2II_D.4.1,representatives
PP_006CVM0|2020,DENV2,2II_D.4.1,representatives
PP_006CVVJ|2019,DENV2,2II_F.1.3.2,representatives
PP_006CVWG|2019,DENV2,2II_F.1.3.2,test_set
PP_006CW40|2019,DENV2,2II_F.2,representatives
PP_006CW9Q|2019,DENV2,2II_C,representatives
PP_006CWCJ|2019,DENV2,2II_C,test_set
PP_006CWDG|2019,DENV2,2II_C,representatives
PP_006CWH7|2019,DENV2,2II_F.1.3.2,representatives
PP_006CWQT|2019,DENV2,2II_F.2.1,representatives
PP_006CX8R|2019,DENV2,2II_F.2.3,representatives
PP_006CXFB|2020,DENV2,2II_C,representatives
PP_006CXJ4|2019,DENV2,2II_D.4.1,representatives
PP_006CY22|2020,DENV2,2II_F.1.3.2,representatives
PP_006CY5W|2019,DENV2,2II_F.1.3.2,representatives
PP_006CYCG|2019,DENV2,2II_F.2.3,test_set
PP_006CYFA|2020,DENV2,2II_F.1.3,representatives
PP_006CZ4X|2020,DENV3,3I_A,test_set
PP_006CZAK|2019,DENV4,4II_A.1,test_set
PP_006CZCF|2020,DENV4,4II_A.1.1,representatives
PP_006CZNU|2019,DENV4,4II_A.1.1,representatives
PP_006CZQQ|2020,DENV4,4II_A.1.1.1,representatives
PP_006CZTJ|2020,DENV4,4II_A.1.1.2,test_set
PP_006D06Q|2018,DENV4,4II_A.1.1,representatives
PP_006D07N|2019,DENV4,4II_A.1.2,representatives
PP_006D0H1|2020,DENV4,4II_A.1.1.2,representatives
PP_006D0QM|2019,DENV4,4II_A.1.1,test_set
PP_006D0Y5|2020,DENV4,4II_A.1.1.1,test_set
PP_006D16P|2019,DENV4,4II_A.1.2,test_set
PP_006D19H|2019,DENV4,4II_A.1.2,representatives
PP_006D1LU|2019,DENV4,4II_A.1.1.1,representatives
PP_006D1RJ|2020,DENV4,4II_A.1.1.2,representatives
PP_006D1Z2|2017-11-12,DENV2,2II_F.2.1,test_set
PP_006D28J|2023-12-06,DENV1,1I_E.1,representatives
PP_006D2AE|2019-07-01,DENV3,3I_C.2.2,representatives
PP_006D2HZ|2019-07-01,DENV2,2II_D.4.1,representatives
PP_006D32V|2019-07-01,DENV1,1V_B,representatives
PP_006D35P|2019-07-01,DENV1,1III_A.4,representatives
PP_006D3LS|2018-07-01,DENV1,1V_D.1.1,representatives
PP_006D48G|2011-12-07,DENV1,1I_G,representatives
PP_006D5Y0|2012-03-21,DENV1,1I_E.1,representatives
PP_006D84L|2012-10-29,DENV1,1I_E.4,test_set
PP_006D8JR|2015-05-28,DENV1,1I_E.1,representatives
PP_006D90T|2013-09-06,DENV1,1I_E,representatives
PP_006D98B|2015-10-12,DENV1,1I_E.4,representatives
PP_006DA2N|2015-01-07,DENV1,1I_E.3,representatives
PP_006DC7A|2015-12-22,DENV1,1I_E.4,representatives
PP_006DCQ9|2016-12-21,DENV1,1I_E.4,representatives
PP_006DCU1|2017-02-06,DENV1,1I_E.1,representatives
PP_006DG0L|2014-10-09,DENV2,2V_A.1.1,representatives
PP_006DGXR|2019-10-07,DENV2,2V_A.1.1,test_set
PP_006DH83|2022-08-09,DENV2,2II_F.1.3.1,representatives
PP_006DHAZ|2022-10-11,DENV2,2II_F.1.3.1,representatives
PP_006DHKE|2022-11-25,DENV2,2II_F.2.3,representatives
PP_006DHLC|2022-06-20,DENV2,2II_F.1.3.1,test_set
PP_006DHP6|2022-10-10,DENV2,2II_F.1.3.1,representatives
PP_006DJKD|2012-09-17,DENV3,3II_A.1,representatives
PP_006DJWR|2013-11-27,DENV3,3II_A.1,representatives
PP_006DJXP|2013-12-02,DENV3,3II_A.1,representatives
PP_006DK73|2012-09-13,DENV3,3II_A.1,representatives
PP_006DKAX|2015-03-25,DENV3,3II_A.1,representatives
PP_006DL0G|2015-10-20,DENV4,4I_A.1,test_set
PP_006DLJD|2013-09-06,DENV4,4I_A.1.1,representatives
PP_006DMN4|2023-12,DENV2,2II_F.1.1.6,representatives
PP_006DN54|2013-07-03,DENV2,2III_C.1,representatives
PP_006DN62|2014-01-14,DENV2,2III_C.1,test_set
PP_006DR51|2023-12-13,DENV2,2II_F.1.1.5,representatives
PP_006DS7W|2022-05-23,DENV2,2II_F.1.1.4,test_set
PP_006DSQV|2022-06-10,DENV2,2II_F.1.1.4,representatives
PP_006DSTP|2022-06-20,DENV2,2II_F.1.1.4,representatives
PP_006DSWH|2022-06-29,DENV2,2V_A.1.2,representatives
PP_006DUSP|2021-09-24,DENV2,2II_F.1.1.4,representatives
PP_006DV4Z|2022-09-05,DENV2,2II_F.1.1.4,representatives
PP_006DV5X|2022-10-06,DENV2,2II_F.1.1.4,representatives
PP_006DV9P|2022-02-22,DENV4,4I_A.1.1,representatives
PP_006DVBK|2022-04-06,DENV4,4I_A.1.1,representatives
PP_006DVCH|2017-06-28,DENV1,1III_A.2,representatives
PP_006DVFB|2022-05-30,DENV2,2II_F.1.1.4,representatives
PP_006DYDC|2014-07,DENV4,4II_B.1.1,representatives
PP_006DYG6|2015-11-15,DENV4,4II_B.1.1,representatives
PP_006DYQP|2015-05-12,DENV4,4II_B.1.1,representatives
PP_006DZ8M|2023-08-28,DENV1,1I_K.1.1.1,representatives
PP_006DZF7|2023-09-29,DENV1,1I_K.1.1,representatives
PP_006DZRL|2023-07-04,DENV3,3III_B.1,representatives
PP_006E0QK|2023-10-13,DENV1,1I_K.1.1.1,representatives
PP_006E1E5|2023-10-08,DENV1,1I_K.1.1.1,representatives
PP_006E29E|2023-11-10,DENV1,1I_K.1.1,test_set
PP_006E2BA|2023-11-10,DENV1,1I_K.1.1.1,representatives
PP_006E50V|2023-10-01,DENV2,2II_F.1.1.3,representatives
PP_006E5FZ|2023-10-02,DENV2,2II_F.1.1.3,representatives
PP_006E5GX|2023-10-07,DENV2,2V_A.2,representatives
PP_006E5ZW|2008-04-22,DENV3,3V,representatives
PP_006E6LM|2024-09-05,DENV2,2II_F.1.1.8,representatives
PP_006E6MK|2024-09-17,DENV2,2II_F.1.1.8,representatives
PP_006EAKK|2023-10-08,DENV2,2II_F.1.1.3,test_set
PP_006ECCY|2023-10-16,DENV2,2II_A.2.2,test_set
PP_006EJ0G|2023-08,DENV2,2V_A.2,representatives
PP_006EJ2C|2023-12-16,DENV4,4I_A.3.1,representatives
PP_006EJ48|2024-01-14,DENV4,4I_A.3,representatives
PP_006EK2B|2023-12-23,DENV4,4II_B.2,representatives
PP_006EK71|2012,DENV1,1I_B.2,representatives
PP_006EL8Y|2024-01-14,DENV2,2III_D.1.2.2,representatives
PP_006EPHA|2023-08-30,DENV2,2II_F.1.1,representatives
PP_006EPL4|2022-06-18,DENV2,2II_F.1.1,representatives
PP_006EPRU|2023-09-12,DENV2,2I,representatives
PP_006EQFE|2023-06-05,DENV3,3I_A.1.1,representatives
PP_006F3SA|2022-04-06,DENV1,1V_D.2,representatives
PP_006F3V4|2021-08-24,DENV1,1V_D.1.3,representatives
PP_006F46G|2022-07-24,DENV1,1V_D.1.3,representatives
PP_006F49A|2022-12-11,DENV1,1V_D.1.3,test_set
PP_006F4C4|2024-03-13,DENV3,3I_A.2,representatives
PP_006F4RB|2023-11-23,DENV1,1V_D.1.3,representatives
PP_006F4XZ|2023-11-12,DENV1,1V_D.2,test_set
PP_006F4ZV|2024-02-20,DENV1,1V_D.1.3,representatives
PP_006F51R|2023-07-14,DENV2,2III_D.2.2,test_set
PP_006F56F|2023-08-18,DENV2,2III_D.2.2,representatives
PP_006F5NG|2024-01-30,DENV2,2II_F.1.1.2,representatives
PP_006F5QC|2024-01-31,DENV2,2III_D.2.1,representatives
PP_006F5RA|2024-01-25,DENV2,2III_D.2.1,representatives
PP_006F5ZU|2024-02-29,DENV2,2III_D.2.2,representatives
PP_006F6WZ|2024-03-04,DENV3,3III_C.1,representatives
PP_006F76D|2022-06-20,DENV2,2II_D.4.2,representatives
PP_006F7B3|2022-09-26,DENV2,2II_D.4,representatives
PP_006F7DZ|2022-10-29,DENV2,2II_F.1.3,representatives
PP_006F7EX|2022-10-29,DENV2,2II_D.4.2,representatives
PP_006F7HQ|2022-04-15,DENV3,3I_A.1,representatives
PP_006F7KL|2022-06-20,DENV3,3I_A.1,representatives
PP_006F7U2|2022-10-17,DENV3,3I_A,representatives
PP_006F8R7|2023-06-26,DENV3,3III_B.5,test_set
PP_006F8U1|2023-07-12,DENV3,3III_B.5,representatives
PP_006F91M|2024-04-18,DENV4,4II_B.2,representatives
PP_006F9T2|2023-10-10,DENV3,3III_B.2.1,representatives
PP_006F9ZQ|2023-09-10,DENV3,3III_B.2.1,test_set
PP_006FAJK|2024-05,DENV3,3I_A,representatives
PP_006FCGN|2023-09-25,DENV1,1V_D.1.2,representatives
PP_006FE58|2024-05-26,DENV4,4II_B.1.2,representatives
PP_006FEAY|2019-08-07,DENV1,1I_K.1.1.2,representatives
PP_006FFBV|2023-09-14,DENV1,1I_K.1.1,representatives
PP_006FFVS|2024-06-05,DENV1,1V_B,representatives
PP_006FGCS|2013-05,DENV1,1I_B.2,representatives
PP_006FGEN|2010-04,DENV1,1I_B.2,test_set
PP_006FGFL|2010-04,DENV1,1I_B.2,representatives
PP_006FGP3|2019-05-14,DENV3,3III_B.4,representatives
PP_006FGSX|2019-05-15,DENV3,3III_B.4,representatives
PP_006FGTV|2019-05-15,DENV3,3III_B.4,test_set
PP_006FJAU|2024-07-17,DENV3,3III_B.3.2,representatives
PP_006FK0D|2024-08-16,DENV1,1V_E.2,representatives
PP_006FKBR|2024-07-24,DENV2,2III_D.1.2.2,representatives
PP_006FKFH|2017-02-03,DENV2,2II_F.1.1,representatives
PP_006FKJA|2018-10-27,DENV2,2V_A.1,representatives
PP_006FKN2|2023-07-26,DENV2,2II_F.1.1.3,representatives
PP_006FLK7|2019-07-12,DENV1,1I_K.1.1,representatives
PP_006FNPX|2015-12,DENV2,2V_F,representatives
PP_006FP6X|2024-04-14,DENV1,1V_D.2,representatives
PP_006FPDH|2024-04-17,DENV1,1V_D.2,representatives
PP_006FPEF|2024-04-13,DENV1,1V_D.2,representatives
PP_006FRYA|2024-07-09,DENV1,1III_A.1,representatives
PP_006FU6S|2023-09,DENV4,4II,test_set
PP_006FY1Y|2024-08-13,DENV3,3III_B.3.2,representatives
PP_006FY3U|2024-08-24,DENV1,1V_B,representatives
PP_006FY8J|2024-09-07,DENV4,4II_B.1.3,representatives
PP_006FYBC|2024-09-03,DENV4,4II_B.1.2,representatives
PP_006FYCA|2024-09-22,DENV4,4II_B.1.3,representatives
PP_006FYD8|2024-09-13,DENV4,4II_B.1.3,representatives
PP_006FYE6|2024-09-10,DENV2,2II_F.1.1.5,representatives
PP_006FYX5|2024-10-12,DENV4,4II_B.1.2,representatives
PP_006FYY3|2024-10-05,DENV4,4II_B.1.3,test_set
PP_006FYZ1|2024-10-10,DENV4,4II_B.1.3,representatives
PP_006FZ0Z|2024-10-08,DENV4,4II_B.1.3,representatives
PP_006FZ1X|2024-10-10,DENV4,4II_B.1.3,representatives
PP_006G0SB|2023-09,DENV2,2V_F,representatives
PP_006G4JP|2024-08-29,DENV3,3III_B.3.1,representatives
PP_006G4KM|2024-09-03,DENV3,3III_B.3.1,representatives
PP_006G7U0|2008,DENV1,1I_K.7,representatives
PP_006G7XU|2008,DENV1,1I_H.2,representatives
PP_006G7YS|2008,DENV1,1I_H.2,representatives
PP_006G94D|2009,DENV1,1I_G,representatives
PP_006G9DV|2008,DENV1,1I_C,representatives
PP_006G9VW|2008,DENV1,1I_G,test_set
PP_006GA0L|2008,DENV1,1I_H.2,representatives
PP_006GA68|2008,DENV1,1I_K.7,representatives
PP_006GAES|2007,DENV1,1I_C,representatives
PP_006GAGN|2008,DENV1,1I_C,representatives
PP_006GB4B|2008,DENV1,1I_C,representatives
PP_006GB67|2024-04-11,DENV1,1V_D.1.3,representatives
PP_006GB75|2024-04-14,DENV1,1V_D.1.3,representatives
PP_006GB83|2024-06-24,DENV1,1V_D.2,representatives
PP_006GBBX|2024-03-20,DENV2,2III_D.2.2,representatives
PP_006GBCV|2024-03-21,DENV2,2III_D.2.2,representatives
PP_006GBN8|2024-04-08,DENV2,2III_D.2.2,representatives
PP_006GBQ4|2024-04-11,DENV2,2III_D.2.1,test_set
PP_006GBVU|2024-04-19,DENV2,2III_D.2.1,representatives
PP_006GC58|2024-05-18,DENV2,2III_D.2.2,representatives
PP_006GDAX|2024-05-13,DENV3,3III_C.1,representatives
PP_006GDHG|2024-06-13,DENV3,3III_C.1,representatives
PP_006GDLA|2024-07-13,DENV3,3III_C.1,test_set
PP_006GE1E|2024-11-12,DENV1,1IV_B.1,representatives
PP_006GE2C|2024-11-08,DENV3,3III_B.3.2,representatives
PP_006GE48|2024-01-25,DENV3,3III_B.3.2,representatives
PP_006GFGH|2024,DENV2,2II_F.1.1.7,representatives
PP_006GFJC|2024,DENV2,2II_F.1.1.8,representatives
PP_006GFL8|2024,DENV2,2II_F.1.1.8,representatives
PP_006GFQ0|2024,DENV2,2II_F.1.1.8,representatives
PP_006GFYJ|2011-03-01,DENV1,1V_D.2,representatives
PP_006GG0E|2014-02-09,DENV3,3III_C.2,representatives
PP_006GK19|2023-12-02,DENV2,2II_F.1.3.1,representatives
PP_006GK51|2023-12-27,DENV1,1I_K.1.1.1,representatives
PP_006GKQW|2024-03,DENV1,1I_K.3,representatives
PP_006GKWJ|2024-03,DENV2,2II_A.2.2,representatives
PP_006GKXG|2024-07,DENV2,2II_F.1.3,representatives
PP_006GKYE|2024-09,DENV2,2II_F.1.3.1,representatives
PP_006GL18|2024-03,DENV3,3I_A.1,representatives
PP_006GL8U|2024-08-06,DENV3,3III_B.3,representatives
PP_006GLK5|2024-07-27,DENV3,3III_B.3,representatives
PP_006GLTP|2024-06-27,DENV3,3III_B.3,test_set
PP_006GLUM|2024-07-02,DENV3,3III_B.3,representatives
PP_006GM6X|2015-11-12,DENV1,1I_K.1.2,representatives
PP_006GM9R|2017-06-12,DENV1,1I_K.1.1,representatives
PP_006GMH8|2015-11-12,DENV1,1IV_B,representatives
PP_006GMK4|2018-09-11,DENV1,1I_K.1.2,representatives
PP_006GMSQ|2019-08-20,DENV1,1I_K.1.2,representatives
PP_006GMTN|2019-08-20,DENV1,1I_J,representatives
PP_006GNBL|2019-02-14,DENV2,2V_A.2,representatives
PP_006GNCJ|2019-08-27,DENV2,2V_A.1.2,representatives
PP_006GNJ5|2015-11-27,DENV2,2V_A,representatives
PP_006GPRQ|2018-05-16,DENV4,4I_A.3.2,representatives
PP_006GQ7S|2015-10-13,DENV4,4I_A.3.1,representatives
PP_006GQNV|2015-07-28,DENV4,4II_A.1,representatives
PP_006GR4X|2015-06-21,DENV4,4I_A.3,representatives
PP_006GRBH|2023-02-09,DENV4,4I_A.3.1,representatives
PP_006GSCE|2024-10,DENV1,1I_K,representatives
PP_006GTKY|2024-08-01,DENV1,1V_E.1,test_set
PP_006GVY4|2024-08-05,DENV2,2II_F.1.1.2,representatives
PP_006GWF4|2023-10-05,DENV3,3III_B.2.1,representatives
PP_006GWG2|2023-10-13,DENV3,3III_B.2.1,representatives
PP_006GWHZ|2023-10-14,DENV3,3III_B.2.2,representatives
PP_006GWJX|2023-10-19,DENV3,3III_B.2.1,representatives
PP_006GWKV|2023-10-20,DENV3,3III_B.2.1,representatives
PP_006GWNP|2023-10-25,DENV3,3III_B.2.1,representatives
PP_006GWPM|2023-10-24,DENV1,1III_A.2,representatives
PP_006GWQK|2023-10-10,DENV1,1III_A.2,representatives
PP_006GWSF|2024-08-13,DENV1,1V_D.1,representatives
PP_006H25F|2024-09-30,DENV2,2V_F,representatives
PP_006H27B|2024-10-01,DENV2,2V_F,representatives
PP_006H2QA|2024-12-26,DENV2,2II_F.2.3,representatives
PP_006H2U2|2024-04-11,DENV2,2II_F.1.1.3,representatives
PP_006H34G|2024-10-20,DENV1,1I_K.1.1,representatives
PP_006H36C|2024-10-23,DENV2,2II_F.1.1.8,representatives
PP_006H388|2024-11-29,DENV2,2II_F.1.3.1,representatives
PP_006H3FU|2024-02-02,DENV2,2II_F.1.1,representatives
PP_006H3T3|2024-09-03,DENV4,4I_A.3,representatives
PP_006H3U1|2024-09-07,DENV1,1I_K.2,representatives
PP_006H3WX|2024-10-23,DENV1,1IV_B.2,representatives
PP_006H3XV|2024-12-13,DENV1,1IV_B.1,representatives
PP_006H5FS|2023-05-14,DENV2,2III_D.1.2.1,test_set
PP_006H64D|2023-06-29,DENV2,2III_D.1.2.3,representatives
PP_006H6A1|2023-06-30,DENV2,2III_D.1.2.3,representatives
PP_006H6KG|2023-07-06,DENV2,2III_D.1.2.3,test_set
PP_006H6Q6|2023-07-17,DENV2,2III_D.1.2.3,representatives
PP_006H71J|2023-08-06,DENV2,2III_D.1.2.1,representatives
PP_006H7LD|2023-08-17,DENV2,2III_D.1.2.1,representatives
PP_006H7N9|2023-08-15,DENV2,2III_D.1.2.3,representatives
PP_006H8FP|2023-10-12,DENV2,2III_D.1.2.3,representatives
PP_006H8R2|2024-04-19,DENV2,2III_D.1.2.3,representatives
PP_006H8ZL|2024-01-09,DENV2,2III_D.1.2.1,representatives
PP_006H90J|2024-01-16,DENV2,2III_D.1.2.1,representatives
PP_006H92E|2024-01-21,DENV2,2III_D.1.2.1,representatives
PP_006H974|2024-03-02,DENV2,2III_D.1.2.1,representatives
PP_006HC9X|2020,DENV3,3V,representatives
PP_006HCWN|2021-04-20,DENV1,1III_A.2,representatives
PP_006HD9W|2025-01-16,DENV1,1III_A.2,representatives
PP_006HEGF|2023-06-13,DENV3,3III_B.5,test_set
PP_006HEHC|2023-04-18,DENV3,3III_B.5,representatives
PP_006HG43|2024-09-15,DENV2,2II_F.1.1.8,test_set
PP_006HGPY|2025-04-05,DENV1,1I_K.2,representatives
PP_006HH8U|2009-08-16,DENV3,3III_B.1,representatives
PP_006HHDJ|2008-03-24,DENV3,3II_A.3,representatives
PP_006HJ5Z|2023,DENV1,1I_K.1.1.1,test_set
PP_006HJQU|2023,DENV2,2II_F.1.1.7,representatives
PP_006HJTN|2023,DENV2,2II_F.1.1.7,representatives
PP_006HJZA|2023,DENV2,2II_F.1.1.7,test_set
PP_006HK08|2023,DENV2,2II_F.1.1.7,representatives
PP_006HK16|2023,DENV2,2II_F.1.1.7,representatives
PP_006HK32|2023,DENV2,2II_F.1.1.7,representatives
PP_006HPDC|2003,DENV4,4I_B,representatives
PP_006HR4U|2022-10-21,DENV2,2II_F.1.1,representatives
PP_006HW8F|2024-10-24,DENV2,2II_F.1.1.10,representatives
PP_006HWE3|2024-11-07,DENV2,2II_F.1.1.10,test_set
PP_006HWGZ|2024-11-08,DENV2,2II_F.1.1.10,representatives
PP_006HWNL|2024-11-16,DENV2,2II_F.1.1.10,representatives
PP_006HZNH|2023-05-20,DENV3,3III_B.5,representatives
PP_006HZXZ|2023-07-11,DENV3,3III_B.5,representatives
PP_006J30N|2017-07-01,DENV3,3I_C,representatives
PP_006J3GQ|2018-04-24,DENV3,3I_C.2.2,representatives
PP_006J44D|2018-09-18,DENV3,3I_C.2.3,representatives
PP_006J45B|2018-09-10,DENV3,3I_C.2.3,representatives
PP_006J477|2018-09-22,DENV3,3I_C.2.2,representatives
PP_006J4CX|2018-11-08,DENV3,3I_C.2.1,representatives
PP_006J4NA|2019-01-04,DENV3,3I_C.2.2,representatives
PP_006J4S2|2019-01-29,DENV3,3I_C.2.2,representatives
PP_006J53E|2019-07-14,DENV3,3I_C.2.3,representatives
PP_006J5DU|2019-08-17,DENV3,3I_C.2.3,representatives
PP_006J5ES|2019-08-14,DENV3,3I_C.2.1,representatives
PP_006J5P7|2019-09-11,DENV3,3I_C.2.3,test_set
PP_006J5VV|2021-01-18,DENV3,3I_C.2.3,representatives
PP_006J6S0|1974,DENV2,2V_F,representatives
PP_006JD44|2024-01-31,DENV2,2II_D.4.2,test_set
PP_006JFH9|2025,DENV2,2II_D.4.2,representatives
PP_006JFM1|2025,DENV2,2II_D.4.2,representatives
PP_006JFNZ|2025,DENV2,2II_D.4.2,representatives
PP_006JFQV|2024,DENV2,2II_D.4.2,representatives
PP_006LGY8|2022-04-20,DENV1,1V_A.1,representatives
PP_006LM9G|2019-04-01,DENV2,2III_C.3,representatives
PP_006LMQK|2019-01-01,DENV2,2III_C.3,test_set
PP_006LZ2J|2024-01-22,DENV2,2II_F.1.1.2,representatives
PP_006MV0Q|2024-01-10,DENV2,2II_F.1.1.2,representatives
PP_006NXVV|2023-03-29,DENV1,1V_A.2,representatives
PP_006NZHH|2023-02-03,DENV1,1V_A.2,representatives
PP_006P2HC|2024-04-22,DENV2,2II_F.1.1.2.1,representatives
PP_006P7K3|2024-02-16,DENV2,2II_F.1.1.2.1,representatives
PP_006P7TM|2024-02-28,DENV2,2II_F.1.1.2.1,test_set
PP_006P85X|2024-03-06,DENV2,2II_F.1.1.2.1,representatives
PP_006P8UJ|2024-03-19,DENV2,2II_F.1.1.2.1,representatives
PP_006PAXA|2024-04-11,DENV2,2II_F.1.1.2.1,representatives
PP_006RZHB|2019-03-25,DENV1,1V_F.1,representatives
PP_006S08T|2021-05-26,DENV1,1V_A.1,representatives
PP_006S1BL|2019-08-19,DENV1,1V_F,representatives
PP_006S5MV|2022-03-23,DENV1,1V_F.1,representatives
PP_006SEQE|2021-04-06,DENV1,1V_F,representatives
PP_006SR58|2023-03-28,DENV2,2II_F.1.1.2.3,representatives
PP_006SRUV|2023-03-18,DENV2,2II_F.1.1.2.3,representatives
PP_006SSFM|2023-05-02,DENV2,2II_F.1.1.2.3,representatives
PP_006SUSW|2024-02-16,DENV2,2II_F.1.1.2.3,representatives
PP_006SVJB|2024-04-10,DENV2,2II_F.1.1.2.3,representatives
PP_006SW29|2024-02-27,DENV2,2II_F.1.1.2.3,test_set
PP_006SWDM|2024-03-11,DENV2,2II_F.1.1.2.3,representatives
PP_006VBPD|1964-12,DENV2,2V_F,test_set
PP_006XN8V|2025-11-04,DENV2,2II_F.1.1.10,representatives
PP_006XNAR|2025-10-16,DENV2,2II_F.1.1.10,representatives
PP_006Y5MH|2026-02-25,DENV2,2II_F.1.1.2.2,representatives
PP_006Y65F|2026-03-10,DENV2,2II_F.1.1.2.2,representatives
PP_006Y6EX|2026-03-05,DENV2,2II_F.1.1.2.2,representatives
PP_006Y70Q|2026-03-12,DENV2,2II_F.1.1.2.2,representatives
PP_006Y73J|2026-03-05,DENV2,2II_F.1.1.2.2,representatives
PP_006Y75E|2026-03-11,DENV2,2II_F.1.1.2.2,representatives
PP_006Y7MF|2026-01-15,DENV2,2II_F.1.1.2.2,test_set
PP_0070CGH|2024-11-28,DENV2,2II_F.1.1.10,representatives
PP_0073GZ6|2025-10-27,DENV4,4II_A.1.3,representatives
PP_0073H04|2025-11-05,DENV4,4II_A.1.3,representatives
PP_00745M5|2022-03-10,DENV1,1V_F.2,representatives
PP_00746P0|2021-03-29,DENV1,1V_D.1.4,representatives
PP_00747CN|2022-04-22,DENV1,1V_F.2,representatives
PP_0074851|2021-04-01,DENV1,1V_D.1.4,representatives
PP_0074A25|2022-03-15,DENV1,1V_F.2,test_set
PP_0074CED|2021-04-14,DENV1,1V_D.1.4,test_set
PP_0074CSN|2021-04-13,DENV1,1V_D.1.4,representatives
PP_0074CUJ|2021-04-13,DENV1,1V_D.1.4,representatives
PP_0074D30|2022-03-21,DENV1,1V_A.2,representatives
PP_0074E7R|2022-03-23,DENV1,1V_F.2,representatives
PP_0074F5U|2021-05-08,DENV1,1V_D.1.4,representatives
PP_0074FBG|2021-05-03,DENV1,1V_D.1.4,representatives
PP_0074GY6|2016-01-06,DENV1,1V_A.1,test_set
PP_0074S1R|2024-05-17,DENV2,2III_D.1.2.2,representatives
PP_0074UB3|2024-04-30,DENV2,2II_F.1.1.9,representatives
PP_0074WYS|2024-06-03,DENV2,2II_F.1.1.9,representatives
PP_0074X6A|2024-04-02,DENV2,2II_F.1.1.9,representatives
PP_0074XFS|2024-03-15,DENV2,2II_F.1.1.9,test_set
PP_0074YJJ|2024-05-16,DENV2,2II_F.1.1.9,representatives
PP_0074Z84|2024-05-17,DENV2,2II_F.1.1.9,representatives
PP_0074ZFQ|2024-03-26,DENV2,2II_F.1.1.9,representatives
