{
  "schemaVersion": "3.0.0",
  "alignmentParams": {
    "excessBandwidth": 9,
    "terminalBandwidth": 100,
    "allowedMismatches": 4,
    "gapAlignmentSide": "right",
    "minSeedCover": 0.1
  },
  "compatibility": {
    "cli": "3.0.0-alpha.0",
    "web": "3.0.0-alpha.0"
  },
  "files": {
    "changelog": "CHANGELOG.md",
    "genomeAnnotation": "genome_annotation.gff3",
    "pathogenJson": "pathogen.json",
    "readme": "README.md",
    "examples": "sequences.fasta",
    "reference": "reference.fasta"
  },
  "qc": {
    "missingData": {
      "enabled": false,
      "missingDataThreshold": 100,
      "scoreBias": 10
    },
    "snpClusters": {
      "enabled": false,
      "windowSize": 100,
      "clusterCutOff": 5,
      "scoreWeight": 50
    },
    "mixedSites": {
      "enabled": true,
      "mixedSitesThreshold": 4
    },
    "frameShifts": {
      "enabled": true
    },
    "stopCodons": {
      "enabled": true,
      "ignoredStopCodons": []
    }
  },
  "cdsOrderPreference": [],
  "maintenance": {
    "website": [
      "https://nextstrain.org",
      "https://clades.nextstrain.org"
    ],
    "documentation": [
      "https://github.com/nextstrain/seasonal-flu"
    ],
    "source code": [
      "https://github.com/nextstrain/seasonal_flu"
    ],
    "issues": [
      "https://github.com/nextstrain/seasonal_flu/issues"
    ],
    "organizations": [
      "Nextstrain"
    ],
    "authors": [
      "Nextstrain team <https://nextstrain.org>"
    ]
  },
  "attributes": {
    "name": "Influenza B(Vic) PA (segment 3)",
    "segment": "pa",
    "reference accession": "CY115156",
    "reference name": "B/Brisbane/60/2008"
  },
  "defaultCds": "PA",
  "phenotypeData": [
    {
      "name": "PAI",
      "nameFriendly": "PAI",
      "description": "This column displays a score associated with reduced susceptibility to polymerase inhibitors. The score is a weighted sum of known substitutions (x1) or major substitutions (x2), while substitutions at positions that confer resistance but are to amino acids not previously described to confer resistance count x0.5.",
      "cds": "PA",
      "aaRange": {
        "begin": 0,
        "end": 460
      },
      "data": [
        {
          "name": "PAI_markers",
          "weight": 1,
          "locations": {
            "22": {
              "K": 1,
              "default": 0.5
            },
            "33": {
              "I": 1,
              "default": 0.5
            },
            "35": {
              "V": 1,
              "default": 0.5
            },
            "37": {
              "F": 1,
              "M": 1,
              "T": 2,
              "V": 1,
              "default": 0.5
            },
            "119": {
              "D": 1,
              "default": 0.5
            },
            "198": {
              "R": 1,
              "default": 0.5
            }
          }
        }
      ]
    }
  ],
  "mutLabels": {
    "aaMutLabelMap": {
      "PA:23K": [
        "Baloxavir"
      ],
      "PA:34I": [
        "Baloxavir"
      ],
      "PA:36V": [
        "Baloxavir"
      ],
      "PA:38F": [
        "Baloxavir"
      ],
      "PA:38M": [
        "Baloxavir"
      ],
      "PA:38T": [
        "Baloxavir"
      ],
      "PA:38V": [
        "Baloxavir"
      ],
      "PA:120D": [
        "Baloxavir"
      ],
      "PA:199R": [
        "Baloxavir"
      ]
    }
  },
  "version": {
    "tag": "unreleased",
    "compatibility": {
      "cli": "3.0.0-alpha.0",
      "web": "3.0.0-alpha.0"
    }
  }
}
