{
  "schemaVersion": "3.0.0",
  "files": {
    "reference": "reference.fasta",
    "pathogenJson": "pathogen.json",
    "examples": "sequences.fasta",
    "genomeAnnotation": "genome_annotation.gff3",
    "treeJson": "tree.json",
    "readme": "README.md",
    "changelog": "CHANGELOG.md"
  },
  "attributes": {
    "name": "Varicella-Zoster Virus (VZV)",
    "reference name": "NC_001348.1",
    "reference accession": "NC_001348.1"
  },
  "shortcuts": [
    "vzv"
  ],
  "alignmentParams": {
    "retryReverseComplement": true,
    "excessBandwidth": 100,
    "terminalBandwidth": 300,
    "penaltyGapExtend": 0,
    "penaltyGapOpen": 10,
    "penaltyGapOpenInFrame": 15,
    "penaltyGapOpenOutOfFrame": 17
  },
  "qc": {
    "missingData": {
      "enabled": true,
      "missingDataThreshold": 10000,
      "scoreBias": 1000,
      "scoreWeight": 50
    },
    "snpClusters": {
      "enabled": true,
      "windowSize": 100,
      "clusterCutOff": 6,
      "scoreWeight": 50
    },
    "mixedSites": {
      "enabled": true,
      "mixedSitesThreshold": 15,
      "scoreWeight": 50
    },
    "frameShifts": {
      "enabled": true,
      "scoreWeight": 20
    },
    "stopCodons": {
      "enabled": true,
      "scoreWeight": 50
    }
  },
  "version": {
    "updatedAt": "2025-11-04T15:46:13Z",
    "tag": "2025-11-04--15-46-13Z"
  }
}
