{
  "schemaVersion": "3.0.0",
  "attributes": {
    "name": "Enterovirus A71 virus",
    "reference name": "Human enterovirus 71 polyprotein gene, complete cds.",
    "reference accession": "U22521.1"
  },
  "files": {
    "reference": "reference-EVA71.fasta",
    "pathogenJson": "pathogen.json",
    "genomeAnnotation": "genome_annotation.gff3",
    "treeJson": "tree-EVA71.json",
    "examples": "sequences-EVA71.fasta",
    "readme": "README.md",
    "changelog": "CHANGELOG.md"
  },
  "version": {
    "tag": "unreleased"
  }
}
