{
  "$schema": "https://raw.githubusercontent.com/nextstrain/nextclade/refs/heads/release/packages/nextclade-schemas/input-pathogen-json.schema.json",
  "attributes": {
    "name": "chikV",
    "reference accession": "NC_004162.2",
    "reference name": "S27-African"
  },
  "compatibility": {
    "cli": "3.0.0-alpha.0",
    "web": "3.0.0-alpha.0"
  },
  "placementMaskRanges": [
    {
      "begin": 0,
      "end": 76
    },
    {
      "begin": 11313,
      "end": 11825
    }
  ],
  "deprecated": false,
  "enabled": true,
  "experimental": true,
  "files": {
    "changelog": "CHANGELOG.md",
    "examples": "sequences.fasta",
    "genomeAnnotation": "genome_annotation.gff3",
    "pathogenJson": "pathogen.json",
    "readme": "README.md",
    "reference": "reference.fasta",
    "treeJson": "tree.json"
  },
  "meta": {
    "bugs": "https://github.com/V-GEN-Lab/nextclade-datasets-workflow/issues",
    "source code": "https://github.com/V-GEN-Lab/nextclade-datasets-workflow/tree/main/chikV"
  },
  "qc": {
    "frameShifts": {
      "enabled": true
    },
    "missingData": {
      "enabled": true,
      "missingDataThreshold": 1000,
      "scoreBias": 500
    },
    "mixedSites": {
      "enabled": false,
      "mixedSitesThreshold": 8
    },
    "privateMutations": {
      "cutoff": 168,
      "enabled": true,
      "typical": 56,
      "weightLabeledSubstitutions": 2,
      "weightReversionSubstitutions": 1,
      "weightUnlabeledSubstitutions": 1
    },
    "snpClusters": {
      "clusterCutOff": 5,
      "enabled": false,
      "scoreWeight": 50,
      "windowSize": 100
    },
    "stopCodons": {
      "enabled": true,
      "ignoredStopCodons": [
        {
          "cdsName": "nsP3",
          "codon": 523
        }
      ]
    }
  },
  "schemaVersion": "3.0.0",
  "version": {
    "tag": "unreleased",
    "compatibility": {
      "cli": "3.0.0-alpha.0",
      "web": "3.0.0-alpha.0"
    }
  },
  "defaultCds": "E1"
}
