{
  "attributes": {
    "name": "DENV-1",
    "reference accession": "NC_001477.1",
    "reference name": "Nauru/NMRI-45AZ5PDK-0/1974"
  },
  "compatibility": {
    "cli": "3.0.0-alpha.0",
    "web": "3.0.0-alpha.0"
  },
  "placementMaskRanges": [
    {
      "begin": 0,
      "end": 94
    },
    {
      "begin": 10271,
      "end": 10735
    }
  ],
  "deprecated": false,
  "enabled": true,
  "experimental": true,
  "files": {
    "changelog": "CHANGELOG.md",
    "examples": "sequences.fasta",
    "genomeAnnotation": "genome_annotation.gff3",
    "pathogenJson": "pathogen.json",
    "readme": "README.md",
    "reference": "reference.fasta",
    "treeJson": "tree.json"
  },
  "meta": {
    "bugs": "https://github.com/V-GEN-Lab/dengue-lineages-nextclade/issues",
    "source code": "https://github.com/V-GEN-Lab/dengue-lineages-nextclade"
  },
  "qc": {
    "frameShifts": {
      "enabled": true
    },
    "missingData": {
      "enabled": true,
      "missingDataThreshold": 1000,
      "scoreBias": 100
    },
    "mixedSites": {
      "enabled": false,
      "mixedSitesThreshold": 8
    },
    "privateMutations": {
      "cutoff": 168,
      "enabled": true,
      "typical": 56,
      "weightLabeledSubstitutions": 2,
      "weightReversionSubstitutions": 1,
      "weightUnlabeledSubstitutions": 1
    },
    "snpClusters": {
      "clusterCutOff": 5,
      "enabled": false,
      "scoreWeight": 50,
      "windowSize": 100
    },
    "stopCodons": {
      "enabled": true
    }
  },
  "schemaVersion": "3.0.0",
  "version": {
    "updatedAt": "2025-03-26T11:47:13Z",
    "tag": "2025-03-26--11-47-13Z",
    "compatibility": {
      "cli": "3.0.0-alpha.0",
      "web": "3.0.0-alpha.0"
    }
  },
  "defaultCds": "E"
}
