clade_membership	2I
clade_membership	2II
clade_membership	2II_A
clade_membership	2II_A.1
clade_membership	2II_A.1.1
clade_membership	2II_A.1.1.1
clade_membership	2II_A.1.1.2
clade_membership	2II_A.1.2
clade_membership	2II_A.2.1
clade_membership	2II_A.2.2
clade_membership	2II_B
clade_membership	2II_C
clade_membership	2II_C.1
clade_membership	2II_C.2
clade_membership	2II_D
clade_membership	2II_D.1
clade_membership	2II_D.1.1
clade_membership	2II_D.1.2
clade_membership	2II_D.2
clade_membership	2II_D.3
clade_membership	2II_D.4
clade_membership	2II_D.4.1
clade_membership	2II_D.4.2
clade_membership	2II_E
clade_membership	2II_E.1
clade_membership	2II_E.2
clade_membership	2II_F
clade_membership	2II_F.1
clade_membership	2II_F.1.1
clade_membership	2II_F.1.1.1
clade_membership	2II_F.1.1.2
clade_membership	2II_F.1.1.2.1
clade_membership	2II_F.1.1.2.2
clade_membership	2II_F.1.1.2.3
clade_membership	2II_F.1.1.3
clade_membership	2II_F.1.1.4
clade_membership	2II_F.1.1.5
clade_membership	2II_F.1.1.6
clade_membership	2II_F.1.1.7
clade_membership	2II_F.1.1.8
clade_membership	2II_F.1.1.9
clade_membership	2II_F.1.1.10
clade_membership	2II_F.1.2
clade_membership	2II_F.1.3
clade_membership	2II_F.1.3.1
clade_membership	2II_F.1.3.2
clade_membership	2II_F.2
clade_membership	2II_F.2.1
clade_membership	2II_F.2.2
clade_membership	2II_F.2.3
clade_membership	2III
clade_membership	2III_A
clade_membership	2III_A.1
clade_membership	2III_A.2
clade_membership	2III_B
clade_membership	2III_C
clade_membership	2III_C.1
clade_membership	2III_C.1.1
clade_membership	2III_C.1.2
clade_membership	2III_C.2
clade_membership	2III_C.3
clade_membership	2III_D
clade_membership	2III_D.1
clade_membership	2III_D.1.1
clade_membership	2III_D.1.2
clade_membership	2III_D.1.2.1
clade_membership	2III_D.1.2.2
clade_membership	2III_D.1.2.3
clade_membership	2III_D.1.3
clade_membership	2III_D.2
clade_membership	2III_D.2.1
clade_membership	2III_D.2.2
clade_membership	2III_D.3
clade_membership	2III_D.3.1
clade_membership	2III_D.3.2
clade_membership	2III_E
clade_membership	2IV
clade_membership	2V
clade_membership	2V_A
clade_membership	2V_A.1
clade_membership	2V_A.1.1
clade_membership	2V_A.1.2
clade_membership	2V_A.1.3
clade_membership	2V_A.2
clade_membership	2V_A.3
clade_membership	2V_A.4
clade_membership	2V_A.5
clade_membership	2V_B
clade_membership	2V_C
clade_membership	2V_D
clade_membership	2V_E
clade_membership	2V_F
clade_membership	2VI
