lineage	status	labelled_members	mrca_descendants	markers	reason
2I	proposed	5	5	G381A,T530C	
2II	proposed	272	272	G8868A,A3628C	
2III	proposed	138	138	C7557A,A4703G	
2III_A	proposed	16	16	C3552A,A6930G	
2III_B	proposed	6	6	G432A,T9372C	
2III_C	proposed	28	28	A4839C,T7743A	
2III_D	proposed	78	78	A4578G,G7548A	
2III_E	proposed	6	6	A4750G,A4104G	
2II_A	proposed	42	42	T2127A,A1089G	
2II_B	proposed	6	6	C2535T,T7530C	
2II_C	proposed	18	18	A5433T,A5334C	
2II_D	proposed	44	44	T1092C,T8799C	
2II_E	proposed	15	15	C9033T,A6006G	
2II_F	proposed	142	142	G2385A,G7116A	
2IV	proposed	7	7	A841T,A1564C	
2V	proposed	86	86	A3264T,C4887A	
2VI	proposed	6	6	A270C,A462G	
2V_A	proposed	52	52	A6135G,C7344A	
2V_B	proposed	5	5	G1893A,T3483A	
2V_C	proposed	6	6	T9735A,A6693G	
2V_D	proposed	6	6	C606A,A1236G	
2V_E	proposed	6	6	G8580C,A6420G	
2V_F	proposed	6	6	C3270A,T3492C	
2III_A.1	proposed	6	6	A913G,A1122G	
2III_A.2	proposed	6	6	C3477A,A6693C	
2III_C.1	proposed	14	14	A873C,T3432C	
2III_C.2	proposed	5	5	A2043T,A9627G	
2III_C.3	proposed	6	6	A2434G,G8812A	
2III_D.1	proposed	42	42	C5958T,G5266A	
2III_D.2	proposed	17	17	A729T,T4221C	
2III_D.3	proposed	17	17	G588C,G720A	
2II_A.1	proposed	25	25	A948T,C8953A	
2II_A.2	proposed	12	12	A2724G,A3504G	
2II_C.1	proposed	6	6	A931C,C7509T	
2II_C.2	proposed	6	6	G10041A,C4029A	
2II_D.1	proposed	14	14	A2727T,G5577T	
2II_D.2	proposed	6	6	T813G,A3817G	
2II_D.3	proposed	6	6	G4260A,C7513T	
2II_D.4	proposed	15	15	A4877C,G6021C	
2II_E.1	proposed	6	6	A3417T,G6450C	
2II_E.2	proposed	6	6	T3813A,T6993A	
2II_F.1	proposed	117	117	C5037T,T6385C	
2II_F.2	proposed	23	23	T9512A,A7710G	
2V_A.1	proposed	22	22	G1530A,A1415T	
2V_A.2	proposed	6	6	A6723T,G3949A	
2V_A.3	proposed	6	6	A1041T,A582G	
2V_A.4	proposed	5	5	A2541G,G3615A	
2V_A.5	proposed	5	5	A1149G,T6060A	
2III_C.1.1	proposed	6	6	G10252A,G9732T	
2III_C.1.2	proposed	5	5	G8518T,T5163C	
2III_D.1.1	proposed	6	6	T414G,A8167C	
2III_D.1.2	proposed	25	25	A7197G,A429G	
2III_D.1.3	proposed	6	6	C5254A,A5853T	
2III_D.2.1	proposed	5	5	G2670T,A4389C	
2III_D.2.2	proposed	7	7	A146G,A3482T	
2III_D.3.1	proposed	7	7	G2370A,A3153C	
2III_D.3.2	proposed	7	7	G4942A,G6540C	
2II_A.1.1	proposed	15	15	A8142C,A2706T	
2II_A.1.2	proposed	6	6	G7065A,G8871A	
2II_A.2.1	proposed	6	6	G6741A,A7890G	
2II_A.2.2	proposed	6	6	T7104G,A8435G	
2II_D.1.1	proposed	6	6	A6017G,A2052T	
2II_D.1.2	proposed	6	6	C4210T,A8052G	
2II_D.4.1	proposed	6	6	C4203T,T3737A	
2II_D.4.2	proposed	7	7	A4521G,T5913C	
2II_F.1.1	proposed	92	92	C1086G,G7779T	
2II_F.1.2	proposed	6	6	C3039A,T9558C	
2II_F.1.3	proposed	18	18	G6612A,C9234T	
2II_F.2.1	proposed	6	6	A4409T,A219G	
2II_F.2.2	proposed	6	6	T1795C,A4998G	
2II_F.2.3	proposed	6	6	C8571G,T7536C	
2V_A.1.1	proposed	7	7	A5814T,T3177C	
2V_A.1.2	proposed	6	6	T3278C,G3646A	
2V_A.1.3	proposed	5	5	G438A,A9363G	
2III_D.1.2.1	proposed	6	6	T258G,A1371G	
2III_D.1.2.2	proposed	7	7	T6837A,C8490A	
2III_D.1.2.3	proposed	6	6	G2736T,A4246G	
2II_A.1.1.1	proposed	6	6	A2640C,T5208C	
2II_A.1.1.2	proposed	6	6	G5742T,C8802A	
2II_F.1.1.1	proposed	5	5	T1785A,G6021T	
2II_F.1.1.10	proposed	6	6	C5048T,G4162A	
2II_F.1.1.2	proposed	27	27	A1890G,A9096G	
2II_F.1.1.3	proposed	6	6	T1926A,T8274A	
2II_F.1.1.4	proposed	6	6	A3288T,T2289A	
2II_F.1.1.5	proposed	5	5	C4886T,C3651T	
2II_F.1.1.6	proposed	6	6	C2241T,T9034C	
2II_F.1.1.7	proposed	6	6	C5036T,A6363T	
2II_F.1.1.8	proposed	6	6	A2553G,G5902A	
2II_F.1.1.9	proposed	6	6	T942G,T4233C	
2II_F.1.3.1	proposed	6	6	G8430A,T3702C	
2II_F.1.3.2	proposed	6	6	A6804T,A4990C	
2II_F.1.1.2.1	proposed	5	5	A2018G,A2235G	
2II_F.1.1.2.2	proposed	6	6	C2535A,G7893A	
2II_F.1.1.2.3	proposed	6	6	G3988A,T4929A	
