{
  "alignmentParams": {
    "excessBandwidth": 9,
    "terminalBandwidth": 100,
    "allowedMismatches": 4,
    "gapAlignmentSide": "right",
    "minSeedCover": 0.1
  },
  "attributes": {
    "name": "H5Nx clade 2.3.4.4",
    "reference accession": "EPI1846961",
    "reference name": "A/Astrakhan/3212/2020(H5N8)",
    "segment": "ha",
    "experimental": true
  },
  "compatibility": {
    "cli": "3.0.0-alpha.0",
    "web": "3.0.0-alpha.0"
  },
  "defaultCds": "HA",
  "deprecated": false,
  "experimental": true,
  "files": {
    "changelog": "CHANGELOG.md",
    "genomeAnnotation": "genome_annotation.gff3",
    "pathogenJson": "pathogen.json",
    "readme": "README.md",
    "reference": "reference.fasta",
    "treeJson": "tree.json",
    "examples": "example_sequences.fasta"
  },
  "meta": {
    "bugs": "https://github.com/nextstrain/nextclade_data/issues",
    "source code": "https://github.com/nextstrain/nextclade_data"
  },
  "qc": {
    "frameShifts": {
      "enabled": true
    },
    "missingData": {
      "enabled": false,
      "missingDataThreshold": 100,
      "scoreBias": 10
    },
    "mixedSites": {
      "enabled": true,
      "mixedSitesThreshold": 4
    },
    "privateMutations": {
      "cutoff": 30,
      "enabled": true,
      "typical": 6
    },
    "snpClusters": {
      "clusterCutOff": 5,
      "enabled": false,
      "scoreWeight": 50,
      "windowSize": 100
    },
    "stopCodons": {
      "enabled": true
    }
  },
  "aaMotifs": [
    {
      "name": "glycosylation",
      "nameShort": "Glyc.",
      "nameFriendly": "Glycosylation",
      "description": "N-linked glycosylation motifs (N-X-S/T with X any amino acid other than P)",
      "includeCdses": [
        {
          "cds": "HA",
          "ranges": [
            {
              "begin": 0,
              "end": 532
            }
          ]
        }
      ],
      "motifs": [
        "N[^P][ST]"
      ]
    },
    {
      "name": "cleavage_site",
      "nameShort": "CS",
      "nameFriendly": "CleavageSite",
      "description": "Cleavage site of HA",
      "includeCdses": [
        {
          "cds": "HA",
          "ranges": [
            {
              "begin": 340,
              "end": 345
            }
          ]
        }
      ],
      "motifs": [
        "[A-Z-]{5}"
      ]
    },
    {
      "name": "polybasic_cleavage_site",
      "nameShort": "PBCS",
      "nameFriendly": "PolybasicCleavageSite",
      "description": "Polybasic cleavage site of HA",
      "includeCdses": [
        {
          "cds": "HA",
          "ranges": [
            {
              "begin": 340,
              "end": 345
            }
          ]
        }
      ],
      "motifs": [
        "^([A-Z-]*[RK][A-Z-]*){4}$"
      ]
    }
  ],
  "schemaVersion": "3.0.0",
  "version": {
    "updatedAt": "2024-11-19T14:18:53Z",
    "tag": "2024-11-19--14-18-53Z",
    "compatibility": {
      "cli": "3.0.0-alpha.0",
      "web": "3.0.0-alpha.0"
    }
  }
}
