{
  "schemaVersion": "3.0.0",
  "alignmentParams": {
    "excessBandwidth": 9,
    "terminalBandwidth": 100,
    "allowedMismatches": 4,
    "gapAlignmentSide": "right",
    "minSeedCover": 0.1
  },
  "compatibility": {
    "cli": "3.0.0-alpha.0",
    "web": "3.0.0-alpha.0"
  },
  "defaultCds": "NA",
  "files": {
    "changelog": "CHANGELOG.md",
    "examples": "sequences.fasta",
    "genomeAnnotation": "genome_annotation.gff3",
    "pathogenJson": "pathogen.json",
    "readme": "README.md",
    "reference": "reference.fasta",
    "treeJson": "tree.json"
  },
  "qc": {
    "privateMutations": {
      "enabled": true,
      "typical": 5,
      "cutoff": 15,
      "weightLabeledSubstitutions": 2,
      "weightReversionSubstitutions": 1,
      "weightUnlabeledSubstitutions": 1
    },
    "missingData": {
      "enabled": false,
      "missingDataThreshold": 100,
      "scoreBias": 10
    },
    "snpClusters": {
      "enabled": false,
      "windowSize": 100,
      "clusterCutOff": 5,
      "scoreWeight": 50
    },
    "mixedSites": {
      "enabled": true,
      "mixedSitesThreshold": 4
    },
    "frameShifts": {
      "enabled": true
    },
    "stopCodons": {
      "enabled": true,
      "ignoredStopCodons": []
    }
  },
  "cdsOrderPreference": [
    "NA"
  ],
  "maintenance": {
    "website": [
      "https://nextstrain.org",
      "https://clades.nextstrain.org"
    ],
    "documentation": [
      "https://github.com/nextstrain/seasonal-flu"
    ],
    "source code": [
      "https://github.com/nextstrain/seasonal_flu"
    ],
    "issues": [
      "https://github.com/nextstrain/seasonal_flu/issues"
    ],
    "organizations": [
      "Nextstrain"
    ],
    "authors": [
      "Nextstrain team <https://nextstrain.org>"
    ]
  },
  "shortcuts": [
    "flu_h1n1pdm_na",
    "nextstrain/flu/h1n1pdm/na",
    "nextstrain/flu/h1n1pdm/na/wisconsin-588-2019"
  ],
  "aaMotifs": [
    {
      "name": "glycosylation",
      "nameShort": "Glyc.",
      "nameFriendly": "Glycosylation",
      "description": "N-linked glycosylation motifs (N-X-S/T with X any amino acid other than P)",
      "includeCdses": [
        {
          "cds": "NA",
          "ranges": [
            {
              "begin": 33,
              "end": 470
            }
          ]
        }
      ],
      "motifs": [
        "N[^P][ST]"
      ]
    }
  ],
  "phenotypeData": [
    {
      "name": "NAI",
      "nameFriendly": "NAI",
      "description": "This column displays a score associated with reduced susceptibility to neuraminidase inhibitors. The score is a weighted sum of known substitutions (x1) or major substitutions (x2), while substitutions at positions that confer resistance but are to amino acids not previously described to confer resistance count x0.5.",
      "cds": "NA",
      "aaRange": {
        "begin": 0,
        "end": 460
      },
      "data": [
        {
          "name": "NAI_markers",
          "weight": 1,
          "locations": {
            "109": {
              "F": 1,
              "default": 0.5
            },
            "116": {
              "R": 1,
              "default": 0.5
            },
            "118": {
              "A": 1,
              "D": 1,
              "G": 1,
              "V": 1,
              "default": 0.5
            },
            "135": {
              "K": 1,
              "R": 1,
              "default": 0.5
            },
            "151": {
              "K": 1,
              "default": 0.5
            },
            "198": {
              "E": 1,
              "G": 1,
              "Y": 1,
              "default": 0.5
            },
            "222": {
              "K": 1,
              "L": 1,
              "M": 1,
              "R": 1,
              "T": 1,
              "V": 1,
              "default": 0.5
            },
            "246": {
              "G": 1,
              "N": 1,
              "R": 1,
              "default": 0.5
            },
            "274": {
              "Y": 2,
              "default": 0.5
            },
            "292": {
              "K": 1,
              "default": 0.5
            },
            "294": {
              "S": 1,
              "default": 0.5
            },
            "426": {
              "T": 1,
              "default": 0.5
            },
            "435": {
              "N": 1,
              "default": 0.5
            },
            "457": {
              "T": 2,
              "default": 0.5
            }
          }
        }
      ]
    }
  ],
  "mutLabels": {
    "aaMutLabelMap": {
      "NA:110": [
        "NAI"
      ],
      "NA:117": [
        "NAI"
      ],
      "NA:119": [
        "NAI"
      ],
      "NA:136": [
        "NAI"
      ],
      "NA:152": [
        "NAI"
      ],
      "NA:199": [
        "NAI"
      ],
      "NA:223": [
        "NAI"
      ],
      "NA:247": [
        "NAI"
      ],
      "NA:275": [
        "NAI"
      ],
      "NA:293": [
        "NAI"
      ],
      "NA:436": [
        "NAI"
      ],
      "NA:427": [
        "NAI"
      ],
      "NA:458": [
        "NAI"
      ]
    }
  },
  "attributes": {
    "name": "Influenza A H1N1pdm NA",
    "segment": "na",
    "reference accession": "MW626056",
    "reference name": "A/Wisconsin/588/2019"
  },
  "version": {
    "tag": "unreleased",
    "compatibility": {
      "cli": "3.0.0-alpha.0",
      "web": "3.0.0-alpha.0"
    }
  }
}
