{
  "$schema": "https://raw.githubusercontent.com/nextstrain/nextclade/refs/heads/release/packages/nextclade-schemas/input-pathogen-json.schema.json",
  "schemaVersion": "3.0.0",
  "alignmentParams": {
    "excessBandwidth": 9,
    "terminalBandwidth": 100,
    "allowedMismatches": 4,
    "gapAlignmentSide": "right",
    "minSeedCover": 0.1
  },
  "compatibility": {
    "cli": "3.0.0-alpha.0",
    "web": "3.0.0-alpha.0"
  },
  "defaultCds": "NA",
  "files": {
    "changelog": "CHANGELOG.md",
    "examples": "sequences.fasta",
    "genomeAnnotation": "genome_annotation.gff3",
    "pathogenJson": "pathogen.json",
    "readme": "README.md",
    "reference": "reference.fasta",
    "treeJson": "tree.json"
  },
  "qc": {
    "privateMutations": {
      "enabled": true,
      "typical": 5,
      "cutoff": 15,
      "weightLabeledSubstitutions": 2,
      "weightReversionSubstitutions": 1,
      "weightUnlabeledSubstitutions": 1
    },
    "missingData": {
      "enabled": false,
      "missingDataThreshold": 100,
      "scoreBias": 10
    },
    "snpClusters": {
      "enabled": false,
      "windowSize": 100,
      "clusterCutOff": 5,
      "scoreWeight": 50
    },
    "mixedSites": {
      "enabled": true,
      "mixedSitesThreshold": 4
    },
    "frameShifts": {
      "enabled": true
    },
    "stopCodons": {
      "enabled": true,
      "ignoredStopCodons": []
    }
  },
  "cdsOrderPreference": [
    "NA"
  ],
  "maintenance": {
    "website": [
      "https://nextstrain.org",
      "https://clades.nextstrain.org"
    ],
    "documentation": [
      "https://github.com/nextstrain/seasonal-flu"
    ],
    "source code": [
      "https://github.com/nextstrain/seasonal_flu"
    ],
    "issues": [
      "https://github.com/nextstrain/seasonal_flu/issues"
    ],
    "organizations": [
      "Nextstrain"
    ],
    "authors": [
      "Nextstrain team <https://nextstrain.org>"
    ]
  },
  "nucMutLabelMap": {},
  "nucMutLabelMapReverse": {},
  "shortcuts": [
    "flu_vic_na",
    "nextstrain/flu/vic/na",
    "nextstrain/flu/vic/na/brisbane-60-2008"
  ],
  "aaMotifs": [
    {
      "name": "glycosylation",
      "nameShort": "Glyc.",
      "nameFriendly": "Glycosylation",
      "description": "N-linked glycosylation motifs (N-X-S/T with X any amino acid other than P)",
      "includeCdses": [
        {
          "cds": "NA",
          "ranges": [
            {
              "begin": 33,
              "end": 466
            }
          ]
        }
      ],
      "motifs": [
        "N[^P][ST]"
      ]
    }
  ],
  "phenotypeData": [
    {
      "name": "NAI",
      "nameFriendly": "NAI",
      "description": "This column displays a score associated with reduced susceptibility to neuraminidase inhibitors. The score is a weighted sum of known substitutions (x1) or major substitutions (x2), while substitutions at positions that confer resistance but are to amino acids not previously described to confer resistance count x0.5.",
      "cds": "NA",
      "aaRange": {
        "begin": 0,
        "end": 460
      },
      "data": [
        {
          "name": "NAI_markers",
          "weight": 1,
          "locations": {
            "100": {
              "L": 1,
              "default": 0.5
            },
            "103": {
              "E": 2,
              "default": 0.5
            },
            "104": {
              "K": 1,
              "default": 0.5
            },
            "107": {
              "E": 2,
              "default": 0.5
            },
            "116": {
              "A": 2,
              "D": 2,
              "G": 2,
              "V": 2,
              "default": 0.5
            },
            "133": {
              "N": 1,
              "Q": 1,
              "Y": 1,
              "default": 0.5
            },
            "137": {
              "R": 1,
              "default": 0.5
            },
            "138": {
              "S": 1,
              "default": 0.5
            },
            "139": {
              "R": 1,
              "default": 0.5
            },
            "141": {
              "H": 1,
              "default": 0.5
            },
            "144": {
              "E": 1,
              "R": 1,
              "default": 0.5
            },
            "145": {
              "I": 1,
              "K": 1,
              "P": 1,
              "default": 0.5
            },
            "149": {
              "K": 1,
              "default": 0.5
            },
            "150": {
              "S": 1,
              "default": 0.5
            },
            "151": {
              "M": 1,
              "N": 1,
              "default": 0.5
            },
            "168": {
              "S": 1,
              "default": 0.5
            },
            "196": {
              "E": 1,
              "G": 1,
              "N": 1,
              "Y": 2,
              "default": 0.5
            },
            "199": {
              "T": 1,
              "default": 0.5
            },
            "220": {
              "L": 2,
              "N": 2,
              "T": 1,
              "V": 1,
              "default": 0.5
            },
            "242": {
              "D": 1,
              "S": 1,
              "default": 0.5
            },
            "244": {
              "G": 1,
              "T": 1,
              "default": 0.5
            },
            "245": {
              "P": 1,
              "default": 0.5
            },
            "246": {
              "D": 1,
              "default": 0.5
            },
            "272": {
              "Y": 1,
              "default": 0.5
            },
            "291": {
              "K": 2,
              "default": 0.5
            },
            "293": {
              "S": 1,
              "default": 0.5
            },
            "359": {
              "E": 1,
              "default": 0.5
            },
            "360": {
              "V": 1,
              "default": 0.5
            },
            "373": {
              "K": 2,
              "default": 0.5
            },
            "394": {
              "E": 1,
              "V": 0.0,
              "default": 0.5
            },
            "395": {
              "H": 1,
              "default": 0.5
            },
            "406": {
              "S": 1,
              "default": 0.5
            },
            "431": {
              "G": 1,
              "N": 1,
              "default": 0.5
            },
            "438": {
              "P": 1,
              "R": 1,
              "default": 0.5
            },
            "463": {
              "T": 1,
              "default": 0.5
            }
          }
        }
      ]
    }
  ],
  "mutLabels": {
    "aaMutLabelMap": {
      "NA:101": [
        "NAI"
      ],
      "NA:104": [
        "NAI"
      ],
      "NA:105": [
        "NAI"
      ],
      "NA:108": [
        "NAI"
      ],
      "NA:117": [
        "NAI"
      ],
      "NA:134": [
        "NAI"
      ],
      "NA:138": [
        "NAI"
      ],
      "NA:139": [
        "NAI"
      ],
      "NA:140": [
        "NAI"
      ],
      "NA:142": [
        "NAI"
      ],
      "NA:145": [
        "NAI"
      ],
      "NA:146": [
        "NAI"
      ],
      "NA:150": [
        "NAI"
      ],
      "NA:151": [
        "NAI"
      ],
      "NA:152": [
        "NAI"
      ],
      "NA:169": [
        "NAI"
      ],
      "NA:197": [
        "NAI"
      ],
      "NA:200": [
        "NAI"
      ],
      "NA:221": [
        "NAI"
      ],
      "NA:243": [
        "NAI"
      ],
      "NA:245": [
        "NAI"
      ],
      "NA:246": [
        "NAI"
      ],
      "NA:247": [
        "NAI"
      ],
      "NA:273": [
        "NAI"
      ],
      "NA:292": [
        "NAI"
      ],
      "NA:294": [
        "NAI"
      ],
      "NA:360": [
        "NAI"
      ],
      "NA:362": [
        "NAI"
      ],
      "NA:374": [
        "NAI"
      ],
      "NA:395": [
        "NAI"
      ],
      "NA:396": [
        "NAI"
      ],
      "NA:407": [
        "NAI"
      ],
      "NA:432": [
        "NAI"
      ],
      "NA:439": [
        "NAI"
      ],
      "NA:464": [
        "NAI"
      ]
    }
  },
  "attributes": {
    "name": "Influenza B Victoria NA",
    "segment": "na",
    "reference accession": "CY073894",
    "reference name": "B/Brisbane/60/2008"
  },
  "version": {
    "tag": "unreleased",
    "compatibility": {
      "cli": "3.0.0-alpha.0",
      "web": "3.0.0-alpha.0"
    }
  }
}
