{
  "schemaVersion": "3.0.0",
  "alignmentParams": {
    "penaltyGapOpen": 12,
    "penaltyGapOpenInFrame": 16,
    "penaltyGapOpenOutOfFrame": 18,
    "penaltyGapExtend": 1,
    "gapAlignmentSide": "left",
    "excessBandwidth": 50,
    "terminalBandwidth": 50,
    "minSeedCover": 0.1,
    "kmerLength": 5,
    "kmerDistance": 7,
    "minMatchLength": 20,
    "allowedMismatches": 10,
    "windowSize": 30
  },
  "compatibility": {
    "cli": "3.0.0-alpha.0",
    "web": "3.0.0-alpha.0"
  },
  "defaultCds": "G",
  "files": {
    "examples": "sequences.fasta",
    "genomeAnnotation": "genome_annotation.gff3",
    "pathogenJson": "pathogen.json",
    "reference": "reference.fasta",
    "treeJson": "tree.json"
  },
  "qc": {
    "privateMutations": {
      "enabled": true,
      "typical": 150,
      "cutoff": 200,
      "weightLabeledSubstitutions": 2,
      "weightReversionSubstitutions": 1,
      "weightUnlabeledSubstitutions": 1
    },
    "missingData": {
      "enabled": false,
      "missingDataThreshold": 3000,
      "scoreBias": 500
    },
    "snpClusters": {
      "enabled": false,
      "windowSize": 100,
      "clusterCutOff": 10,
      "scoreWeight": 50
    },
    "mixedSites": {
      "enabled": true,
      "mixedSitesThreshold": 10
    },
    "frameShifts": {
      "enabled": true,
      "scoreWeight": 20,
      "ignoreFrameShifts": [
        {
          "codonRange": {
            "begin": 206,
            "end": 224
          },
          "cdsName": "G"
        }
      ]
    },
    "stopCodons": {
      "enabled": true,
      "ignoredStopCodons": [],
      "scoreWeight": 5
    }
  },
  "shortcuts": [
    "hmpv"
  ],
  "attributes": {
    "name": "Human Metapneumovirus",
    "reference accession": "NC_039199",
    "reference name": "hMPV/00-1"
  },
  "geneOrderPreference": [
    "N",
    "P",
    "M",
    "F",
    "M2",
    "SH",
    "G",
    "L"
  ],
  "version": {
    "tag": "unreleased",
    "compatibility": {
      "cli": "3.0.0-alpha.0",
      "web": "3.0.0-alpha.0"
    }
  }
}
