clade	gene	site	alt
4I	nuc	9806	T
4I	nuc	1199	T
4II	nuc	3884	A
4II	nuc	1075	C
4III	nuc	322	C
4III	nuc	1867	G
4II_A	nuc	6436	A
4II_A	nuc	1709	G
4II_B	nuc	2088	A
4II_B	nuc	4572	G
4IV	nuc	432	A
4IV	nuc	453	T
4I_A	nuc	200	G
4I_A	nuc	1388	T
4I_B	nuc	2537	A
4I_B	nuc	2522	G
4II_A.1	nuc	1913	A
4II_A.1	nuc	3764	C
4II_A.2	nuc	6194	C
4II_A.2	nuc	10106	C
4II_A.3	nuc	1358	A
4II_A.3	nuc	3269	G
4II_B.1	nuc	2720	G
4II_B.1	nuc	4448	G
4II_B.2	nuc	2372	C
4II_B.2	nuc	674	A
4II_B.3	nuc	2837	C
4II_B.3	nuc	4220	A
4I_A.1	nuc	1417	A
4I_A.1	nuc	1310	A
4I_A.2	nuc	1268	G
4I_A.2	nuc	3927	G
4I_A.3	nuc	3191	C
4I_A.3	nuc	5540	T
4I_B.1	nuc	896	G
4I_B.1	nuc	1802	T
4I_B.2	nuc	1121	C
4I_B.2	nuc	1326	A
4II_A.1.1	nuc	365	C
4II_A.1.1	nuc	846	T
4II_A.1.2	nuc	6788	C
4II_A.1.2	nuc	9800	T
4II_A.1.3	nuc	1739	C
4II_A.1.3	nuc	2672	G
4II_B.1.1	nuc	246	C
4II_B.1.1	nuc	6602	T
4II_B.1.2	nuc	3059	G
4II_B.1.2	nuc	5597	C
4II_B.1.3	nuc	698	C
4II_B.1.3	nuc	1055	G
4I_A.1.1	nuc	431	G
4I_A.1.1	nuc	8562	A
4I_A.1.2	nuc	536	C
4I_A.1.2	nuc	2444	T
4I_A.3.1	nuc	1151	G
4I_A.3.1	nuc	8229	A
4I_A.3.2	nuc	3376	C
4I_A.3.2	nuc	6530	T
4II_A.1.1.1	nuc	1727	T
4II_A.1.1.1	nuc	1922	T
4II_A.1.1.2	nuc	6118	A
4II_A.1.1.2	nuc	3689	G
4II_A	clade	4II	
4II_A.1	clade	4II_A	
4II_A.1.1	clade	4II_A.1	
4II_A.1.1.1	clade	4II_A.1.1	
4II_A.1.1.2	clade	4II_A.1.1	
4II_A.1.2	clade	4II_A.1	
4II_A.1.3	clade	4II_A.1	
4II_A.2	clade	4II_A	
4II_A.3	clade	4II_A	
4II_B	clade	4II	
4II_B.1	clade	4II_B	
4II_B.1.1	clade	4II_B.1	
4II_B.1.2	clade	4II_B.1	
4II_B.1.3	clade	4II_B.1	
4II_B.2	clade	4II_B	
4II_B.3	clade	4II_B	
4I_A	clade	4I	
4I_A.1	clade	4I_A	
4I_A.1.1	clade	4I_A.1	
4I_A.1.2	clade	4I_A.1	
4I_A.2	clade	4I_A	
4I_A.3	clade	4I_A	
4I_A.3.1	clade	4I_A.3	
4I_A.3.2	clade	4I_A.3	
4I_B	clade	4I	
4I_B.1	clade	4I_B	
4I_B.2	clade	4I_B	
