{
  "schemaVersion": "3.0.0",
  "alignmentParams": {
    "excessBandwidth": 9,
    "terminalBandwidth": 100,
    "allowedMismatches": 4,
    "gapAlignmentSide": "right",
    "minSeedCover": 0.1
  },
  "compatibility": {
    "cli": "3.0.0-alpha.0",
    "web": "3.0.0-alpha.0"
  },
  "files": {
    "changelog": "CHANGELOG.md",
    "genomeAnnotation": "genome_annotation.gff3",
    "pathogenJson": "pathogen.json",
    "readme": "README.md",
    "reference": "reference.fasta"
  },
  "qc": {
    "missingData": {
      "enabled": false,
      "missingDataThreshold": 100,
      "scoreBias": 10
    },
    "snpClusters": {
      "enabled": false,
      "windowSize": 100,
      "clusterCutOff": 5,
      "scoreWeight": 50
    },
    "mixedSites": {
      "enabled": true,
      "mixedSitesThreshold": 4
    },
    "frameShifts": {
      "enabled": true
    },
    "stopCodons": {
      "enabled": true,
      "ignoredStopCodons": []
    }
  },
  "cdsOrderPreference": [],
  "maintenance": {
    "website": [
      "https://nextstrain.org",
      "https://clades.nextstrain.org"
    ],
    "documentation": [
      "https://github.com/nextstrain/seasonal-flu"
    ],
    "source code": [
      "https://github.com/nextstrain/seasonal_flu"
    ],
    "issues": [
      "https://github.com/nextstrain/seasonal_flu/issues"
    ],
    "organizations": [
      "Nextstrain"
    ],
    "authors": [
      "Nextstrain team <https://nextstrain.org>"
    ]
  },
  "attributes": {
    "name": "Influenza A H1N1pdm PA (segment 3)",
    "segment": "pa",
    "reference accession": "NC_026437",
    "reference name": "A/California/07/2009"
  },
  "defaultCds": "PA",
  "phenotypeData": [
    {
      "name": "PAI",
      "nameFriendly": "PAI",
      "description": "This column displays a score associated with reduced susceptibility to polymerase inhibitors. The score is a weighted sum of known substitutions (x1) or major substitutions (x2), while substitutions at positions that confer resistance but are to amino acids not previously described to confer resistance count x0.5.",
      "cds": "PA",
      "aaRange": {
        "begin": 0,
        "end": 460
      },
      "data": [
        {
          "name": "PAI_markers",
          "weight": 1,
          "locations": {
            "22": {
              "G": 1,
              "K": 1,
              "R": 1,
              "default": 0.5
            },
            "33": {
              "R": 1,
              "default": 0.5
            },
            "36": {
              "T": 1,
              "default": 0.5
            },
            "37": {
              "S": 2,
              "T": 2,
              "F": 2,
              "L": 2,
              "M": 2,
              "V": 1,
              "default": 0.5
            },
            "197": {
              "K": 1,
              "default": 0.5
            },
            "198": {
              "D": 1,
              "G": 1,
              "default": 0.5
            }
          }
        }
      ]
    }
  ],
  "version": {
    "tag": "unreleased",
    "compatibility": {
      "cli": "3.0.0-alpha.0",
      "web": "3.0.0-alpha.0"
    }
  }
}
