{
  "files": {
    "reference": "measles_reference_N450.fasta",
    "pathogenJson": "pathogen.json",
    "genomeAnnotation": "measles_reference_N450.gff3",
    "treeJson": "measles_nextclade.json",
    "examples": "sequences.fasta",
    "readme": "README.md",
    "changelog": "CHANGELOG.md"
  },
  "attributes": {
    "name": "Measles N450 (WHO-2012)",
    "reference name": "Ichinose-B95a",
    "reference accession": "NC_001498.1"
  },
  "schemaVersion": "1.0.0",
  "alignmentParams": {
    "minSeedCover": 0.01,
    "minLength": 400
  },
  "qc": {
    "missingData": {
      "enabled": true,
      "missingDataThreshold": 20,
      "scoreBias": 4
    },
    "mixedSites": {
      "enabled": true,
      "mixedSitesThreshold": 4
    },
    "frameShifts": {
      "enabled": true
    },
    "stopCodons": {
      "enabled": true
    },
    "privateMutations": {
      "enabled": true,
      "cutoff": 8,
      "typical": 2,
      "weightLabeledSubstitutions": 1,
      "weightReversionSubstitutions": 1,
      "weightUnlabeledSubstitutions": 1
    },
    "snpClusters": {
      "enabled": true,
      "clusterCutOff": 3,
      "scoreWeight": 50,
      "windowSize": 50
    }
  },
  "version": {
    "updatedAt": "2024-06-07T06:48:19Z",
    "tag": "2024-06-07--06-48-19Z"
  }
}
