strain	set	accession	url	geoLocCountry	country	dataUseTerms	dataUseTermsRestrictedUntil	dataUseTermsUrl	PPX_accession	PPX_accession__url	INSDC_accession	INSDC_accession__url	dataUseTerms__url	restrictedUntil
EHIE21409Y22|2022	representatives													
EPI_ISL_17689862|2022-08-25	representatives													
EPI_ISL_17689864|2022-09-02	representatives													
PP_0054DBL|2002	representatives	PP_0054DBL	https://pathoplexus.org/seq/PP_0054DBL	Bangladesh	Bangladesh	OPEN		https://pathoplexus.org/about/terms-of-use/open-data	PP_0054DBL	https://pathoplexus.org/seq/PP_0054DBL	AY496871.2	https://www.ncbi.nlm.nih.gov/nuccore/AY496871.2	https://pathoplexus.org/about/terms-of-use/open-data	
PP_0054DK3|1997	representatives	PP_0054DK3	https://pathoplexus.org/seq/PP_0054DK3	Philippines	Philippines	OPEN		https://pathoplexus.org/about/terms-of-use/open-data	PP_0054DK3	https://pathoplexus.org/seq/PP_0054DK3	AY496879.2	https://www.ncbi.nlm.nih.gov/nuccore/AY496879.2	https://pathoplexus.org/about/terms-of-use/open-data	
PP_0056AXC|1995	representatives	PP_0056AXC	https://pathoplexus.org/seq/PP_0056AXC	Taiwan	Taiwan	OPEN		https://pathoplexus.org/about/terms-of-use/open-data	PP_0056AXC	https://pathoplexus.org/seq/PP_0056AXC	DQ675519.1	https://www.ncbi.nlm.nih.gov/nuccore/DQ675519.1	https://pathoplexus.org/about/terms-of-use/open-data	
PP_0056BBJ|1999	representatives	PP_0056BBJ	https://pathoplexus.org/seq/PP_0056BBJ	Taiwan	Taiwan	OPEN		https://pathoplexus.org/about/terms-of-use/open-data	PP_0056BBJ	https://pathoplexus.org/seq/PP_0056BBJ	DQ675533.1	https://www.ncbi.nlm.nih.gov/nuccore/DQ675533.1	https://pathoplexus.org/about/terms-of-use/open-data	
PP_0056UQ8|2005	representatives	PP_0056UQ8	https://pathoplexus.org/seq/PP_0056UQ8	Singapore	Singapore	OPEN		https://pathoplexus.org/about/terms-of-use/open-data	PP_0056UQ8	https://pathoplexus.org/seq/PP_0056UQ8	EU081210.1	https://www.ncbi.nlm.nih.gov/nuccore/EU081210.1	https://pathoplexus.org/about/terms-of-use/open-data	
PP_0056UU0|2005	representatives	PP_0056UU0	https://pathoplexus.org/seq/PP_0056UU0	Singapore	Singapore	OPEN		https://pathoplexus.org/about/terms-of-use/open-data	PP_0056UU0	https://pathoplexus.org/seq/PP_0056UU0	EU081214.1	https://www.ncbi.nlm.nih.gov/nuccore/EU081214.1	https://pathoplexus.org/about/terms-of-use/open-data	
PP_0056UXU|2005	representatives	PP_0056UXU	https://pathoplexus.org/seq/PP_0056UXU	Singapore	Singapore	OPEN		https://pathoplexus.org/about/terms-of-use/open-data	PP_0056UXU	https://pathoplexus.org/seq/PP_0056UXU	EU081217.1	https://www.ncbi.nlm.nih.gov/nuccore/EU081217.1	https://pathoplexus.org/about/terms-of-use/open-data	
PP_0056V5C|2005	representatives	PP_0056V5C	https://pathoplexus.org/seq/PP_0056V5C	Singapore	Singapore	OPEN		https://pathoplexus.org/about/terms-of-use/open-data	PP_0056V5C	https://pathoplexus.org/seq/PP_0056V5C	EU081225.1	https://www.ncbi.nlm.nih.gov/nuccore/EU081225.1	https://pathoplexus.org/about/terms-of-use/open-data	
PP_005787T|2006	representatives	PP_005787T	https://pathoplexus.org/seq/PP_005787T	Viet Nam	Vietnam	OPEN		https://pathoplexus.org/about/terms-of-use/open-data	PP_005787T	https://pathoplexus.org/seq/PP_005787T	EU482452.1	https://www.ncbi.nlm.nih.gov/nuccore/EU482452.1	https://pathoplexus.org/about/terms-of-use/open-data	
PP_00578BK|2006	representatives	PP_00578BK	https://pathoplexus.org/seq/PP_00578BK	Viet Nam	Vietnam	OPEN		https://pathoplexus.org/about/terms-of-use/open-data	PP_00578BK	https://pathoplexus.org/seq/PP_00578BK	EU482456.1	https://www.ncbi.nlm.nih.gov/nuccore/EU482456.1	https://pathoplexus.org/about/terms-of-use/open-data	
PP_0057W91|2005	representatives	PP_0057W91	https://pathoplexus.org/seq/PP_0057W91	Venezuela	Venezuela	OPEN		https://pathoplexus.org/about/terms-of-use/open-data	PP_0057W91	https://pathoplexus.org/seq/PP_0057W91	EU854292.1	https://www.ncbi.nlm.nih.gov/nuccore/EU854292.1	https://pathoplexus.org/about/terms-of-use/open-data	
PP_0058SVW|2001	representatives	PP_0058SVW	https://pathoplexus.org/seq/PP_0058SVW	USA	USA	OPEN		https://pathoplexus.org/about/terms-of-use/open-data	PP_0058SVW	https://pathoplexus.org/seq/PP_0058SVW	FJ547081.1	https://www.ncbi.nlm.nih.gov/nuccore/FJ547081.1	https://pathoplexus.org/about/terms-of-use/open-data	
PP_0058W81|2008	representatives	PP_0058W81	https://pathoplexus.org/seq/PP_0058W81	Cambodia	Cambodia	OPEN		https://pathoplexus.org/about/terms-of-use/open-data	PP_0058W81	https://pathoplexus.org/seq/PP_0058W81	FJ639715.1	https://www.ncbi.nlm.nih.gov/nuccore/FJ639715.1	https://pathoplexus.org/about/terms-of-use/open-data	
PP_0058WHG|2003	representatives	PP_0058WHG	https://pathoplexus.org/seq/PP_0058WHG	Cambodia	Cambodia	OPEN		https://pathoplexus.org/about/terms-of-use/open-data	PP_0058WHG	https://pathoplexus.org/seq/PP_0058WHG	FJ639724.1	https://www.ncbi.nlm.nih.gov/nuccore/FJ639724.1	https://pathoplexus.org/about/terms-of-use/open-data	
PP_0058ZVP|2007	representatives	PP_0058ZVP	https://pathoplexus.org/seq/PP_0058ZVP	India	India	OPEN		https://pathoplexus.org/about/terms-of-use/open-data	PP_0058ZVP	https://pathoplexus.org/seq/PP_0058ZVP	FJ644564.1	https://www.ncbi.nlm.nih.gov/nuccore/FJ644564.1	https://pathoplexus.org/about/terms-of-use/open-data	
PP_00597BG|1993	representatives	PP_00597BG	https://pathoplexus.org/seq/PP_00597BG	Sri Lanka	Sri Lanka	OPEN		https://pathoplexus.org/about/terms-of-use/open-data	PP_00597BG	https://pathoplexus.org/seq/PP_00597BG	FJ882573.1	https://www.ncbi.nlm.nih.gov/nuccore/FJ882573.1	https://pathoplexus.org/about/terms-of-use/open-data	
PP_00597EA|1994	representatives	PP_00597EA	https://pathoplexus.org/seq/PP_00597EA	Nicaragua	Nicaragua	OPEN		https://pathoplexus.org/about/terms-of-use/open-data	PP_00597EA	https://pathoplexus.org/seq/PP_00597EA	FJ882576.1	https://www.ncbi.nlm.nih.gov/nuccore/FJ882576.1	https://pathoplexus.org/about/terms-of-use/open-data	
PP_0059APN|2003	representatives	PP_0059APN	https://pathoplexus.org/seq/PP_0059APN	Mexico	Mexico	OPEN		https://pathoplexus.org/about/terms-of-use/open-data	PP_0059APN	https://pathoplexus.org/seq/PP_0059APN	FJ898440.1	https://www.ncbi.nlm.nih.gov/nuccore/FJ898440.1	https://pathoplexus.org/about/terms-of-use/open-data	
PP_0059B5Q|1995	representatives	PP_0059B5Q	https://pathoplexus.org/seq/PP_0059B5Q	Samoa	Samoa	OPEN		https://pathoplexus.org/about/terms-of-use/open-data	PP_0059B5Q	https://pathoplexus.org/seq/PP_0059B5Q	FJ898456.1	https://www.ncbi.nlm.nih.gov/nuccore/FJ898456.1	https://pathoplexus.org/about/terms-of-use/open-data	
PP_0059B6N|2000	representatives	PP_0059B6N	https://pathoplexus.org/seq/PP_0059B6N	Ecuador	Ecuador	OPEN		https://pathoplexus.org/about/terms-of-use/open-data	PP_0059B6N	https://pathoplexus.org/seq/PP_0059B6N	FJ898457.1	https://www.ncbi.nlm.nih.gov/nuccore/FJ898457.1	https://pathoplexus.org/about/terms-of-use/open-data	
PP_0059BQK|2008	representatives	PP_0059BQK	https://pathoplexus.org/seq/PP_0059BQK	Nicaragua	Nicaragua	OPEN		https://pathoplexus.org/about/terms-of-use/open-data	PP_0059BQK	https://pathoplexus.org/seq/PP_0059BQK	FJ898475.1	https://www.ncbi.nlm.nih.gov/nuccore/FJ898475.1	https://pathoplexus.org/about/terms-of-use/open-data	
PP_0059MFU|1998	representatives	PP_0059MFU	https://pathoplexus.org/seq/PP_0059MFU	Nicaragua	Nicaragua	OPEN		https://pathoplexus.org/about/terms-of-use/open-data	PP_0059MFU	https://pathoplexus.org/seq/PP_0059MFU	GQ199886.1	https://www.ncbi.nlm.nih.gov/nuccore/GQ199886.1	https://pathoplexus.org/about/terms-of-use/open-data	
PP_0059XXK|2008	representatives	PP_0059XXK	https://pathoplexus.org/seq/PP_0059XXK	India	India	OPEN		https://pathoplexus.org/about/terms-of-use/open-data	PP_0059XXK	https://pathoplexus.org/seq/PP_0059XXK	GQ466079.1	https://www.ncbi.nlm.nih.gov/nuccore/GQ466079.1	https://pathoplexus.org/about/terms-of-use/open-data	
PP_005A0BM|2007	representatives	PP_005A0BM	https://pathoplexus.org/seq/PP_005A0BM	Colombia	Colombia	OPEN		https://pathoplexus.org/about/terms-of-use/open-data	PP_005A0BM	https://pathoplexus.org/seq/PP_005A0BM	GQ868578.1	https://www.ncbi.nlm.nih.gov/nuccore/GQ868578.1	https://pathoplexus.org/about/terms-of-use/open-data	
PP_005A7QM|2006	representatives	PP_005A7QM	https://pathoplexus.org/seq/PP_005A7QM	Brazil	Brazil	OPEN		https://pathoplexus.org/about/terms-of-use/open-data	PP_005A7QM	https://pathoplexus.org/seq/PP_005A7QM	GU131850.1	https://www.ncbi.nlm.nih.gov/nuccore/GU131850.1	https://pathoplexus.org/about/terms-of-use/open-data	
PP_005A81Z|2007	representatives	PP_005A81Z	https://pathoplexus.org/seq/PP_005A81Z	Brazil	Brazil	OPEN		https://pathoplexus.org/about/terms-of-use/open-data	PP_005A81Z	https://pathoplexus.org/seq/PP_005A81Z	GU131861.1	https://www.ncbi.nlm.nih.gov/nuccore/GU131861.1	https://pathoplexus.org/about/terms-of-use/open-data	
PP_005A8AF|2007	representatives	PP_005A8AF	https://pathoplexus.org/seq/PP_005A8AF	Brazil	Brazil	OPEN		https://pathoplexus.org/about/terms-of-use/open-data	PP_005A8AF	https://pathoplexus.org/seq/PP_005A8AF	GU131870.1	https://www.ncbi.nlm.nih.gov/nuccore/GU131870.1	https://pathoplexus.org/about/terms-of-use/open-data	
PP_005A8CB|2007	representatives	PP_005A8CB	https://pathoplexus.org/seq/PP_005A8CB	Brazil	Brazil	OPEN		https://pathoplexus.org/about/terms-of-use/open-data	PP_005A8CB	https://pathoplexus.org/seq/PP_005A8CB	GU131872.1	https://www.ncbi.nlm.nih.gov/nuccore/GU131872.1	https://pathoplexus.org/about/terms-of-use/open-data	
PP_005A8F5|2007	representatives	PP_005A8F5	https://pathoplexus.org/seq/PP_005A8F5	Brazil	Brazil	OPEN		https://pathoplexus.org/about/terms-of-use/open-data	PP_005A8F5	https://pathoplexus.org/seq/PP_005A8F5	GU131875.1	https://www.ncbi.nlm.nih.gov/nuccore/GU131875.1	https://pathoplexus.org/about/terms-of-use/open-data	
PP_005A8G3|2007	representatives	PP_005A8G3	https://pathoplexus.org/seq/PP_005A8G3	Brazil	Brazil	OPEN		https://pathoplexus.org/about/terms-of-use/open-data	PP_005A8G3	https://pathoplexus.org/seq/PP_005A8G3	GU131876.1	https://www.ncbi.nlm.nih.gov/nuccore/GU131876.1	https://pathoplexus.org/about/terms-of-use/open-data	
PP_005A99G|2008	representatives	PP_005A99G	https://pathoplexus.org/seq/PP_005A99G	Cambodia	Cambodia	OPEN		https://pathoplexus.org/about/terms-of-use/open-data	PP_005A99G	https://pathoplexus.org/seq/PP_005A99G	GU131903.1	https://www.ncbi.nlm.nih.gov/nuccore/GU131903.1	https://pathoplexus.org/about/terms-of-use/open-data	
PP_005AQP6|2007-05	representatives	PP_005AQP6	https://pathoplexus.org/seq/PP_005AQP6	Singapore	Singapore	OPEN		https://pathoplexus.org/about/terms-of-use/open-data	PP_005AQP6	https://pathoplexus.org/seq/PP_005AQP6	GU370053.1	https://www.ncbi.nlm.nih.gov/nuccore/GU370053.1	https://pathoplexus.org/about/terms-of-use/open-data	
PP_005B6VA|2008	representatives	PP_005B6VA	https://pathoplexus.org/seq/PP_005B6VA	Cambodia	Cambodia	OPEN		https://pathoplexus.org/about/terms-of-use/open-data	PP_005B6VA	https://pathoplexus.org/seq/PP_005B6VA	HM631854.1	https://www.ncbi.nlm.nih.gov/nuccore/HM631854.1	https://pathoplexus.org/about/terms-of-use/open-data	
PP_005BMKF|2007	representatives	PP_005BMKF	https://pathoplexus.org/seq/PP_005BMKF	Cambodia	Cambodia	OPEN		https://pathoplexus.org/about/terms-of-use/open-data	PP_005BMKF	https://pathoplexus.org/seq/PP_005BMKF	JF295012.1	https://www.ncbi.nlm.nih.gov/nuccore/JF295012.1	https://pathoplexus.org/about/terms-of-use/open-data	
PP_005BNDT|2009-09	representatives	PP_005BNDT	https://pathoplexus.org/seq/PP_005BNDT	China	China	OPEN		https://pathoplexus.org/about/terms-of-use/open-data	PP_005BNDT	https://pathoplexus.org/seq/PP_005BNDT	JF504679.1	https://www.ncbi.nlm.nih.gov/nuccore/JF504679.1	https://pathoplexus.org/about/terms-of-use/open-data	
PP_005DTDJ|1996-09-04	representatives	PP_005DTDJ	https://pathoplexus.org/seq/PP_005DTDJ	French Polynesia	French Polynesia	OPEN		https://pathoplexus.org/about/terms-of-use/open-data	PP_005DTDJ	https://pathoplexus.org/seq/PP_005DTDJ	JQ920480.1	https://www.ncbi.nlm.nih.gov/nuccore/JQ920480.1	https://pathoplexus.org/about/terms-of-use/open-data	
PP_005DTJ7|1996-10-21	representatives	PP_005DTJ7	https://pathoplexus.org/seq/PP_005DTJ7	New Caledonia	New Caledonia	OPEN		https://pathoplexus.org/about/terms-of-use/open-data	PP_005DTJ7	https://pathoplexus.org/seq/PP_005DTJ7	JQ920485.1	https://www.ncbi.nlm.nih.gov/nuccore/JQ920485.1	https://pathoplexus.org/about/terms-of-use/open-data	
PP_005DTK5|1996-11-18	representatives	PP_005DTK5	https://pathoplexus.org/seq/PP_005DTK5	New Caledonia	New Caledonia	OPEN		https://pathoplexus.org/about/terms-of-use/open-data	PP_005DTK5	https://pathoplexus.org/seq/PP_005DTK5	JQ920486.1	https://www.ncbi.nlm.nih.gov/nuccore/JQ920486.1	https://pathoplexus.org/about/terms-of-use/open-data	
PP_005DTZB|1963	representatives	PP_005DTZB	https://pathoplexus.org/seq/PP_005DTZB	USA	USA	OPEN		https://pathoplexus.org/about/terms-of-use/open-data	PP_005DTZB	https://pathoplexus.org/seq/PP_005DTZB	JQ922554.1	https://www.ncbi.nlm.nih.gov/nuccore/JQ922554.1	https://pathoplexus.org/about/terms-of-use/open-data	
PP_005DU09|1966	representatives	PP_005DU09	https://pathoplexus.org/seq/PP_005DU09	India	India	OPEN		https://pathoplexus.org/about/terms-of-use/open-data	PP_005DU09	https://pathoplexus.org/seq/PP_005DU09	JQ922555.1	https://www.ncbi.nlm.nih.gov/nuccore/JQ922555.1	https://pathoplexus.org/about/terms-of-use/open-data	
PP_005DU17|2005	representatives	PP_005DU17	https://pathoplexus.org/seq/PP_005DU17	India	India	OPEN		https://pathoplexus.org/about/terms-of-use/open-data	PP_005DU17	https://pathoplexus.org/seq/PP_005DU17	JQ922556.1	https://www.ncbi.nlm.nih.gov/nuccore/JQ922556.1	https://pathoplexus.org/about/terms-of-use/open-data	
PP_005ECVY|2002	representatives	PP_005ECVY	https://pathoplexus.org/seq/PP_005ECVY	Brazil	Brazil	OPEN		https://pathoplexus.org/about/terms-of-use/open-data	PP_005ECVY	https://pathoplexus.org/seq/PP_005ECVY	JX669491.1	https://www.ncbi.nlm.nih.gov/nuccore/JX669491.1	https://pathoplexus.org/about/terms-of-use/open-data	
PP_005EUYA|2007	representatives	PP_005EUYA	https://pathoplexus.org/seq/PP_005EUYA	Pakistan	Pakistan	OPEN		https://pathoplexus.org/about/terms-of-use/open-data	PP_005EUYA	https://pathoplexus.org/seq/PP_005EUYA	KF041255.1	https://www.ncbi.nlm.nih.gov/nuccore/KF041255.1	https://pathoplexus.org/about/terms-of-use/open-data	
PP_005EUZ8|2006	representatives	PP_005EUZ8	https://pathoplexus.org/seq/PP_005EUZ8	Pakistan	Pakistan	OPEN		https://pathoplexus.org/about/terms-of-use/open-data	PP_005EUZ8	https://pathoplexus.org/seq/PP_005EUZ8	KF041256.1	https://www.ncbi.nlm.nih.gov/nuccore/KF041256.1	https://pathoplexus.org/about/terms-of-use/open-data	
PP_005EV22|2006	representatives	PP_005EV22	https://pathoplexus.org/seq/PP_005EV22	Pakistan	Pakistan	OPEN		https://pathoplexus.org/about/terms-of-use/open-data	PP_005EV22	https://pathoplexus.org/seq/PP_005EV22	KF041259.1	https://www.ncbi.nlm.nih.gov/nuccore/KF041259.1	https://pathoplexus.org/about/terms-of-use/open-data	
PP_005FD0L|1999	representatives	PP_005FD0L	https://pathoplexus.org/seq/PP_005FD0L	Cambodia	Cambodia	OPEN		https://pathoplexus.org/about/terms-of-use/open-data	PP_005FD0L	https://pathoplexus.org/seq/PP_005FD0L	KF955461.1	https://www.ncbi.nlm.nih.gov/nuccore/KF955461.1	https://pathoplexus.org/about/terms-of-use/open-data	
PP_005FDGN|1984	representatives	PP_005FDGN	https://pathoplexus.org/seq/PP_005FDGN	India	India	OPEN		https://pathoplexus.org/about/terms-of-use/open-data	PP_005FDGN	https://pathoplexus.org/seq/PP_005FDGN	KF955477.1	https://www.ncbi.nlm.nih.gov/nuccore/KF955477.1	https://pathoplexus.org/about/terms-of-use/open-data	
PP_005FEBX|2007	representatives	PP_005FEBX	https://pathoplexus.org/seq/PP_005FEBX	Cambodia	Cambodia	OPEN		https://pathoplexus.org/about/terms-of-use/open-data	PP_005FEBX	https://pathoplexus.org/seq/PP_005FEBX	KF955506.1	https://www.ncbi.nlm.nih.gov/nuccore/KF955506.1	https://pathoplexus.org/about/terms-of-use/open-data	
PP_005FUVE|1983	representatives	PP_005FUVE	https://pathoplexus.org/seq/PP_005FUVE	Thailand	Thailand	OPEN		https://pathoplexus.org/about/terms-of-use/open-data	PP_005FUVE	https://pathoplexus.org/seq/PP_005FUVE	KJ737430.1	https://www.ncbi.nlm.nih.gov/nuccore/KJ737430.1	https://pathoplexus.org/about/terms-of-use/open-data	
PP_005G13Q|2014-01-26	representatives	PP_005G13Q	https://pathoplexus.org/seq/PP_005G13Q	Saudi Arabia	Saudi Arabia	OPEN		https://pathoplexus.org/about/terms-of-use/open-data	PP_005G13Q	https://pathoplexus.org/seq/PP_005G13Q	KJ830751.1	https://www.ncbi.nlm.nih.gov/nuccore/KJ830751.1	https://pathoplexus.org/about/terms-of-use/open-data	
PP_005G8YS|1964	representatives	PP_005G8YS	https://pathoplexus.org/seq/PP_005G8YS	Philippines	Philippines	OPEN		https://pathoplexus.org/about/terms-of-use/open-data	PP_005G8YS	https://pathoplexus.org/seq/PP_005G8YS	KM190937.1	https://www.ncbi.nlm.nih.gov/nuccore/KM190937.1	https://pathoplexus.org/about/terms-of-use/open-data	
PP_005J6BY|2014-08-28	representatives	PP_005J6BY	https://pathoplexus.org/seq/PP_005J6BY	Thailand	Thailand	OPEN		https://pathoplexus.org/about/terms-of-use/open-data	PP_005J6BY	https://pathoplexus.org/seq/PP_005J6BY	KT424097.1	https://www.ncbi.nlm.nih.gov/nuccore/KT424097.1	https://pathoplexus.org/about/terms-of-use/open-data	
PP_005JN9L|1956	representatives	PP_005JN9L	https://pathoplexus.org/seq/PP_005JN9L	Philippines	Philippines	OPEN		https://pathoplexus.org/about/terms-of-use/open-data	PP_005JN9L	https://pathoplexus.org/seq/PP_005JN9L	KU050695.1	https://www.ncbi.nlm.nih.gov/nuccore/KU050695.1	https://pathoplexus.org/about/terms-of-use/open-data	
PP_005K0MF|2008	representatives	PP_005K0MF	https://pathoplexus.org/seq/PP_005K0MF	Philippines	Philippines	OPEN		https://pathoplexus.org/about/terms-of-use/open-data	PP_005K0MF	https://pathoplexus.org/seq/PP_005K0MF	KU509279.1	https://www.ncbi.nlm.nih.gov/nuccore/KU509279.1	https://pathoplexus.org/about/terms-of-use/open-data	
PP_005K0ND|2011	representatives	PP_005K0ND	https://pathoplexus.org/seq/PP_005K0ND	Thailand	Thailand	OPEN		https://pathoplexus.org/about/terms-of-use/open-data	PP_005K0ND	https://pathoplexus.org/seq/PP_005K0ND	KU509280.1	https://www.ncbi.nlm.nih.gov/nuccore/KU509280.1	https://pathoplexus.org/about/terms-of-use/open-data	
PP_005K0R7|2006	representatives	PP_005K0R7	https://pathoplexus.org/seq/PP_005K0R7	Sri Lanka	Sri Lanka	OPEN		https://pathoplexus.org/about/terms-of-use/open-data	PP_005K0R7	https://pathoplexus.org/seq/PP_005K0R7	KU509283.1	https://www.ncbi.nlm.nih.gov/nuccore/KU509283.1	https://pathoplexus.org/about/terms-of-use/open-data	
PP_005K0U1|2011	representatives	PP_005K0U1	https://pathoplexus.org/seq/PP_005K0U1	India	India	OPEN		https://pathoplexus.org/about/terms-of-use/open-data	PP_005K0U1	https://pathoplexus.org/seq/PP_005K0U1	KU509286.1	https://www.ncbi.nlm.nih.gov/nuccore/KU509286.1	https://pathoplexus.org/about/terms-of-use/open-data	
PP_005KP2X|2012	representatives	PP_005KP2X	https://pathoplexus.org/seq/PP_005KP2X	Singapore	Singapore	OPEN		https://pathoplexus.org/about/terms-of-use/open-data	PP_005KP2X	https://pathoplexus.org/seq/PP_005KP2X	KX380841.1	https://www.ncbi.nlm.nih.gov/nuccore/KX380841.1	https://pathoplexus.org/about/terms-of-use/open-data	
PP_005NBSN|2014-12	representatives	PP_005NBSN	https://pathoplexus.org/seq/PP_005NBSN	Malaysia	Malaysia	OPEN		https://pathoplexus.org/about/terms-of-use/open-data	PP_005NBSN	https://pathoplexus.org/seq/PP_005NBSN	MH048677.1	https://www.ncbi.nlm.nih.gov/nuccore/MH048677.1	https://pathoplexus.org/about/terms-of-use/open-data	
PP_005PCY7|2008	representatives	PP_005PCY7	https://pathoplexus.org/seq/PP_005PCY7	Thailand	Thailand	OPEN		https://pathoplexus.org/about/terms-of-use/open-data	PP_005PCY7	https://pathoplexus.org/seq/PP_005PCY7	KY586702.1	https://www.ncbi.nlm.nih.gov/nuccore/KY586702.1	https://pathoplexus.org/about/terms-of-use/open-data	
PP_005PD03|2008	representatives	PP_005PD03	https://pathoplexus.org/seq/PP_005PD03	Thailand	Thailand	OPEN		https://pathoplexus.org/about/terms-of-use/open-data	PP_005PD03	https://pathoplexus.org/seq/PP_005PD03	KY586704.1	https://www.ncbi.nlm.nih.gov/nuccore/KY586704.1	https://pathoplexus.org/about/terms-of-use/open-data	
PP_005PD2Z|2006	representatives	PP_005PD2Z	https://pathoplexus.org/seq/PP_005PD2Z	Thailand	Thailand	OPEN		https://pathoplexus.org/about/terms-of-use/open-data	PP_005PD2Z	https://pathoplexus.org/seq/PP_005PD2Z	KY586706.1	https://www.ncbi.nlm.nih.gov/nuccore/KY586706.1	https://pathoplexus.org/about/terms-of-use/open-data	
PP_005PDH2|2000	representatives	PP_005PDH2	https://pathoplexus.org/seq/PP_005PDH2	Thailand	Thailand	OPEN		https://pathoplexus.org/about/terms-of-use/open-data	PP_005PDH2	https://pathoplexus.org/seq/PP_005PDH2	KY586721.1	https://www.ncbi.nlm.nih.gov/nuccore/KY586721.1	https://pathoplexus.org/about/terms-of-use/open-data	
PP_005PDLW|2000	representatives	PP_005PDLW	https://pathoplexus.org/seq/PP_005PDLW	Thailand	Thailand	OPEN		https://pathoplexus.org/about/terms-of-use/open-data	PP_005PDLW	https://pathoplexus.org/seq/PP_005PDLW	KY586724.1	https://www.ncbi.nlm.nih.gov/nuccore/KY586724.1	https://pathoplexus.org/about/terms-of-use/open-data	
PP_005PF5R|1999	representatives	PP_005PF5R	https://pathoplexus.org/seq/PP_005PF5R	Thailand	Thailand	OPEN		https://pathoplexus.org/about/terms-of-use/open-data	PP_005PF5R	https://pathoplexus.org/seq/PP_005PF5R	KY586777.1	https://www.ncbi.nlm.nih.gov/nuccore/KY586777.1	https://pathoplexus.org/about/terms-of-use/open-data	
PP_005Q8TK|2015-06	representatives	PP_005Q8TK	https://pathoplexus.org/seq/PP_005Q8TK	Singapore	Singapore	OPEN		https://pathoplexus.org/about/terms-of-use/open-data	PP_005Q8TK	https://pathoplexus.org/seq/PP_005Q8TK	KY921906.1	https://www.ncbi.nlm.nih.gov/nuccore/KY921906.1	https://pathoplexus.org/about/terms-of-use/open-data	
PP_005QKW2|2017-04-15	representatives	PP_005QKW2	https://pathoplexus.org/seq/PP_005QKW2	Gabon	Gabon	OPEN		https://pathoplexus.org/about/terms-of-use/open-data	PP_005QKW2	https://pathoplexus.org/seq/PP_005QKW2	LC379197.1	https://www.ncbi.nlm.nih.gov/nuccore/LC379197.1	https://pathoplexus.org/about/terms-of-use/open-data	
PP_005R7WC|2007	representatives	PP_005R7WC	https://pathoplexus.org/seq/PP_005R7WC	Malaysia	Malaysia	OPEN		https://pathoplexus.org/about/terms-of-use/open-data	PP_005R7WC	https://pathoplexus.org/seq/PP_005R7WC	LT996904.1	https://www.ncbi.nlm.nih.gov/nuccore/LT996904.1	https://pathoplexus.org/about/terms-of-use/open-data	
PP_005RK1R|2012-10-04	representatives	PP_005RK1R	https://pathoplexus.org/seq/PP_005RK1R	Malaysia	Malaysia	OPEN		https://pathoplexus.org/about/terms-of-use/open-data	PP_005RK1R	https://pathoplexus.org/seq/PP_005RK1R	MF004386.1	https://www.ncbi.nlm.nih.gov/nuccore/MF004386.1	https://pathoplexus.org/about/terms-of-use/open-data	
PP_005RXEM|2016-09-07	representatives	PP_005RXEM	https://pathoplexus.org/seq/PP_005RXEM	China	China	OPEN		https://pathoplexus.org/about/terms-of-use/open-data	PP_005RXEM	https://pathoplexus.org/seq/PP_005RXEM	MF682966.1	https://www.ncbi.nlm.nih.gov/nuccore/MF682966.1	https://pathoplexus.org/about/terms-of-use/open-data	
PP_005RXJC|2016-09-15	representatives	PP_005RXJC	https://pathoplexus.org/seq/PP_005RXJC	China	China	OPEN		https://pathoplexus.org/about/terms-of-use/open-data	PP_005RXJC	https://pathoplexus.org/seq/PP_005RXJC	MF682970.1	https://www.ncbi.nlm.nih.gov/nuccore/MF682970.1	https://pathoplexus.org/about/terms-of-use/open-data	
PP_005RXKA|2013-07-22	representatives	PP_005RXKA	https://pathoplexus.org/seq/PP_005RXKA	China	China	OPEN		https://pathoplexus.org/about/terms-of-use/open-data	PP_005RXKA	https://pathoplexus.org/seq/PP_005RXKA	MF682971.1	https://www.ncbi.nlm.nih.gov/nuccore/MF682971.1	https://pathoplexus.org/about/terms-of-use/open-data	
PP_005SQ5A|2016	representatives	PP_005SQ5A	https://pathoplexus.org/seq/PP_005SQ5A	India	India	OPEN		https://pathoplexus.org/about/terms-of-use/open-data	PP_005SQ5A	https://pathoplexus.org/seq/PP_005SQ5A	MG721064.1	https://www.ncbi.nlm.nih.gov/nuccore/MG721064.1	https://pathoplexus.org/about/terms-of-use/open-data	
PP_005TPDT|2014-12	representatives	PP_005TPDT	https://pathoplexus.org/seq/PP_005TPDT	Malaysia	Malaysia	OPEN		https://pathoplexus.org/about/terms-of-use/open-data	PP_005TPDT	https://pathoplexus.org/seq/PP_005TPDT	MH051733.1	https://www.ncbi.nlm.nih.gov/nuccore/MH051733.1	https://pathoplexus.org/about/terms-of-use/open-data	
PP_005VNBU|2016	representatives	PP_005VNBU	https://pathoplexus.org/seq/PP_005VNBU	Indonesia	Indonesia	OPEN		https://pathoplexus.org/about/terms-of-use/open-data	PP_005VNBU	https://pathoplexus.org/seq/PP_005VNBU	MH823209.1	https://www.ncbi.nlm.nih.gov/nuccore/MH823209.1	https://pathoplexus.org/about/terms-of-use/open-data	
PP_005WQUP|2015-07-24	representatives	PP_005WQUP	https://pathoplexus.org/seq/PP_005WQUP	China	China	OPEN		https://pathoplexus.org/about/terms-of-use/open-data	PP_005WQUP	https://pathoplexus.org/seq/PP_005WQUP	MN018370.1	https://www.ncbi.nlm.nih.gov/nuccore/MN018370.1	https://pathoplexus.org/about/terms-of-use/open-data	
PP_005WR19|2015-12-22	representatives	PP_005WR19	https://pathoplexus.org/seq/PP_005WR19	China	China	OPEN		https://pathoplexus.org/about/terms-of-use/open-data	PP_005WR19	https://pathoplexus.org/seq/PP_005WR19	MN018377.1	https://www.ncbi.nlm.nih.gov/nuccore/MN018377.1	https://pathoplexus.org/about/terms-of-use/open-data	
PP_005WR35|2015-10-03	representatives	PP_005WR35	https://pathoplexus.org/seq/PP_005WR35	China	China	OPEN		https://pathoplexus.org/about/terms-of-use/open-data	PP_005WR35	https://pathoplexus.org/seq/PP_005WR35	MN018379.1	https://www.ncbi.nlm.nih.gov/nuccore/MN018379.1	https://pathoplexus.org/about/terms-of-use/open-data	
PP_005WR9T|2016-09-20	representatives	PP_005WR9T	https://pathoplexus.org/seq/PP_005WR9T	China	China	OPEN		https://pathoplexus.org/about/terms-of-use/open-data	PP_005WR9T	https://pathoplexus.org/seq/PP_005WR9T	MN018385.1	https://www.ncbi.nlm.nih.gov/nuccore/MN018385.1	https://pathoplexus.org/about/terms-of-use/open-data	
PP_005WTBM|2017-11	representatives	PP_005WTBM	https://pathoplexus.org/seq/PP_005WTBM	Sri Lanka	Sri Lanka	OPEN		https://pathoplexus.org/about/terms-of-use/open-data	PP_005WTBM	https://pathoplexus.org/seq/PP_005WTBM	MN083246.1	https://www.ncbi.nlm.nih.gov/nuccore/MN083246.1	https://pathoplexus.org/about/terms-of-use/open-data	
PP_005XD0M|2010-06-23	representatives	PP_005XD0M	https://pathoplexus.org/seq/PP_005XD0M	Thailand	Thailand	OPEN		https://pathoplexus.org/about/terms-of-use/open-data	PP_005XD0M	https://pathoplexus.org/seq/PP_005XD0M	MN448959.1	https://www.ncbi.nlm.nih.gov/nuccore/MN448959.1	https://pathoplexus.org/about/terms-of-use/open-data	
PP_005XDXS|2011-12-27	representatives	PP_005XDXS	https://pathoplexus.org/seq/PP_005XDXS	Thailand	Thailand	OPEN		https://pathoplexus.org/about/terms-of-use/open-data	PP_005XDXS	https://pathoplexus.org/seq/PP_005XDXS	MN448990.1	https://www.ncbi.nlm.nih.gov/nuccore/MN448990.1	https://pathoplexus.org/about/terms-of-use/open-data	
PP_005YDQ4|2019-06-23	representatives	PP_005YDQ4	https://pathoplexus.org/seq/PP_005YDQ4	China	China	OPEN		https://pathoplexus.org/about/terms-of-use/open-data	PP_005YDQ4	https://pathoplexus.org/seq/PP_005YDQ4	MN922035.1	https://www.ncbi.nlm.nih.gov/nuccore/MN922035.1	https://pathoplexus.org/about/terms-of-use/open-data	
PP_005YRNW|2018-06-13	representatives	PP_005YRNW	https://pathoplexus.org/seq/PP_005YRNW	Sri Lanka	Sri Lanka	OPEN		https://pathoplexus.org/about/terms-of-use/open-data	PP_005YRNW	https://pathoplexus.org/seq/PP_005YRNW	MT006152.1	https://www.ncbi.nlm.nih.gov/nuccore/MT006152.1	https://pathoplexus.org/about/terms-of-use/open-data	
PP_005Z18D|2017-10-16	representatives	PP_005Z18D	https://pathoplexus.org/seq/PP_005Z18D	Burkina Faso	Burkina Faso	OPEN		https://pathoplexus.org/about/terms-of-use/open-data	PP_005Z18D	https://pathoplexus.org/seq/PP_005Z18D	MT261972.1	https://www.ncbi.nlm.nih.gov/nuccore/MT261972.1	https://pathoplexus.org/about/terms-of-use/open-data	
PP_005Z1D3|2017-10-12	representatives	PP_005Z1D3	https://pathoplexus.org/seq/PP_005Z1D3	Burkina Faso	Burkina Faso	OPEN		https://pathoplexus.org/about/terms-of-use/open-data	PP_005Z1D3	https://pathoplexus.org/seq/PP_005Z1D3	MT261977.1	https://www.ncbi.nlm.nih.gov/nuccore/MT261977.1	https://pathoplexus.org/about/terms-of-use/open-data	
PP_005Z1E1|2017-10-27	representatives	PP_005Z1E1	https://pathoplexus.org/seq/PP_005Z1E1	Burkina Faso	Burkina Faso	OPEN		https://pathoplexus.org/about/terms-of-use/open-data	PP_005Z1E1	https://pathoplexus.org/seq/PP_005Z1E1	MT261978.1	https://www.ncbi.nlm.nih.gov/nuccore/MT261978.1	https://pathoplexus.org/about/terms-of-use/open-data	
PP_00603DZ|2018-11	representatives	PP_00603DZ	https://pathoplexus.org/seq/PP_00603DZ	Senegal	Senegal	OPEN		https://pathoplexus.org/about/terms-of-use/open-data	PP_00603DZ	https://pathoplexus.org/seq/PP_00603DZ	MW288031.1	https://www.ncbi.nlm.nih.gov/nuccore/MW288031.1	https://pathoplexus.org/about/terms-of-use/open-data	
PP_006046C|2020-09-07	representatives	PP_006046C	https://pathoplexus.org/seq/PP_006046C	China	China	OPEN		https://pathoplexus.org/about/terms-of-use/open-data	PP_006046C	https://pathoplexus.org/seq/PP_006046C	MW295815.1	https://www.ncbi.nlm.nih.gov/nuccore/MW295815.1	https://pathoplexus.org/about/terms-of-use/open-data	
PP_0060FK8|2019-07-02	representatives	PP_0060FK8	https://pathoplexus.org/seq/PP_0060FK8	Bangladesh	Bangladesh	OPEN		https://pathoplexus.org/about/terms-of-use/open-data	PP_0060FK8	https://pathoplexus.org/seq/PP_0060FK8	MW396463.1	https://www.ncbi.nlm.nih.gov/nuccore/MW396463.1	https://pathoplexus.org/about/terms-of-use/open-data	
PP_0062KCF|2018-05	representatives	PP_0062KCF	https://pathoplexus.org/seq/PP_0062KCF	Myanmar	Myanmar	OPEN		https://pathoplexus.org/about/terms-of-use/open-data	PP_0062KCF	https://pathoplexus.org/seq/PP_0062KCF	MW788882.1	https://www.ncbi.nlm.nih.gov/nuccore/MW788882.1	https://pathoplexus.org/about/terms-of-use/open-data	
PP_0062KXA|2018-08	representatives	PP_0062KXA	https://pathoplexus.org/seq/PP_0062KXA	Myanmar	Myanmar	OPEN		https://pathoplexus.org/about/terms-of-use/open-data	PP_0062KXA	https://pathoplexus.org/seq/PP_0062KXA	MW788901.1	https://www.ncbi.nlm.nih.gov/nuccore/MW788901.1	https://pathoplexus.org/about/terms-of-use/open-data	
PP_0063P1X|1998	representatives	PP_0063P1X	https://pathoplexus.org/seq/PP_0063P1X	Thailand	Thailand	OPEN		https://pathoplexus.org/about/terms-of-use/open-data	PP_0063P1X	https://pathoplexus.org/seq/PP_0063P1X	MW946629.1	https://www.ncbi.nlm.nih.gov/nuccore/MW946629.1	https://pathoplexus.org/about/terms-of-use/open-data	
PP_0063PPL|1997	representatives	PP_0063PPL	https://pathoplexus.org/seq/PP_0063PPL	Thailand	Thailand	OPEN		https://pathoplexus.org/about/terms-of-use/open-data	PP_0063PPL	https://pathoplexus.org/seq/PP_0063PPL	MW946651.1	https://www.ncbi.nlm.nih.gov/nuccore/MW946651.1	https://pathoplexus.org/about/terms-of-use/open-data	
PP_0063Q2U|2011	representatives	PP_0063Q2U	https://pathoplexus.org/seq/PP_0063Q2U	Thailand	Thailand	OPEN		https://pathoplexus.org/about/terms-of-use/open-data	PP_0063Q2U	https://pathoplexus.org/seq/PP_0063Q2U	MW946664.1	https://www.ncbi.nlm.nih.gov/nuccore/MW946664.1	https://pathoplexus.org/about/terms-of-use/open-data	
PP_0063QV7|1992	representatives	PP_0063QV7	https://pathoplexus.org/seq/PP_0063QV7	Fiji	Fiji	OPEN		https://pathoplexus.org/about/terms-of-use/open-data	PP_0063QV7	https://pathoplexus.org/seq/PP_0063QV7	MW946691.1	https://www.ncbi.nlm.nih.gov/nuccore/MW946691.1	https://pathoplexus.org/about/terms-of-use/open-data	
PP_0063RNL|2001	representatives	PP_0063RNL	https://pathoplexus.org/seq/PP_0063RNL	Thailand	Thailand	OPEN		https://pathoplexus.org/about/terms-of-use/open-data	PP_0063RNL	https://pathoplexus.org/seq/PP_0063RNL	MW946718.1	https://www.ncbi.nlm.nih.gov/nuccore/MW946718.1	https://pathoplexus.org/about/terms-of-use/open-data	
PP_0063SPH|2003	representatives	PP_0063SPH	https://pathoplexus.org/seq/PP_0063SPH	Thailand	Thailand	OPEN		https://pathoplexus.org/about/terms-of-use/open-data	PP_0063SPH	https://pathoplexus.org/seq/PP_0063SPH	MW946753.1	https://www.ncbi.nlm.nih.gov/nuccore/MW946753.1	https://pathoplexus.org/about/terms-of-use/open-data	
PP_0063UMK|1999	representatives	PP_0063UMK	https://pathoplexus.org/seq/PP_0063UMK	Thailand	Thailand	OPEN		https://pathoplexus.org/about/terms-of-use/open-data	PP_0063UMK	https://pathoplexus.org/seq/PP_0063UMK	MW946819.1	https://www.ncbi.nlm.nih.gov/nuccore/MW946819.1	https://pathoplexus.org/about/terms-of-use/open-data	
PP_0063UNH|2003	representatives	PP_0063UNH	https://pathoplexus.org/seq/PP_0063UNH	Thailand	Thailand	OPEN		https://pathoplexus.org/about/terms-of-use/open-data	PP_0063UNH	https://pathoplexus.org/seq/PP_0063UNH	MW946820.1	https://www.ncbi.nlm.nih.gov/nuccore/MW946820.1	https://pathoplexus.org/about/terms-of-use/open-data	
PP_0063VXY|2003	representatives	PP_0063VXY	https://pathoplexus.org/seq/PP_0063VXY	Thailand	Thailand	OPEN		https://pathoplexus.org/about/terms-of-use/open-data	PP_0063VXY	https://pathoplexus.org/seq/PP_0063VXY	MW946863.1	https://www.ncbi.nlm.nih.gov/nuccore/MW946863.1	https://pathoplexus.org/about/terms-of-use/open-data	
PP_0063WA6|2003	representatives	PP_0063WA6	https://pathoplexus.org/seq/PP_0063WA6	Thailand	Thailand	OPEN		https://pathoplexus.org/about/terms-of-use/open-data	PP_0063WA6	https://pathoplexus.org/seq/PP_0063WA6	MW946876.1	https://www.ncbi.nlm.nih.gov/nuccore/MW946876.1	https://pathoplexus.org/about/terms-of-use/open-data	
PP_0063XQA|1997	representatives	PP_0063XQA	https://pathoplexus.org/seq/PP_0063XQA	Thailand	Thailand	OPEN		https://pathoplexus.org/about/terms-of-use/open-data	PP_0063XQA	https://pathoplexus.org/seq/PP_0063XQA	MW946924.1	https://www.ncbi.nlm.nih.gov/nuccore/MW946924.1	https://pathoplexus.org/about/terms-of-use/open-data	
PP_0063XS6|1999	representatives	PP_0063XS6	https://pathoplexus.org/seq/PP_0063XS6	Thailand	Thailand	OPEN		https://pathoplexus.org/about/terms-of-use/open-data	PP_0063XS6	https://pathoplexus.org/seq/PP_0063XS6	MW946926.1	https://www.ncbi.nlm.nih.gov/nuccore/MW946926.1	https://pathoplexus.org/about/terms-of-use/open-data	
PP_0063YMF|1978	representatives	PP_0063YMF	https://pathoplexus.org/seq/PP_0063YMF	Indonesia	Indonesia	OPEN		https://pathoplexus.org/about/terms-of-use/open-data	PP_0063YMF	https://pathoplexus.org/seq/PP_0063YMF	MW946955.1	https://www.ncbi.nlm.nih.gov/nuccore/MW946955.1	https://pathoplexus.org/about/terms-of-use/open-data	
PP_00640WT|2013	representatives	PP_00640WT	https://pathoplexus.org/seq/PP_00640WT	Nicaragua	Nicaragua	OPEN		https://pathoplexus.org/about/terms-of-use/open-data	PP_00640WT	https://pathoplexus.org/seq/PP_00640WT	MZ008472.1	https://www.ncbi.nlm.nih.gov/nuccore/MZ008472.1	https://pathoplexus.org/about/terms-of-use/open-data	
PP_00640YP|2013	representatives	PP_00640YP	https://pathoplexus.org/seq/PP_00640YP	Nicaragua	Nicaragua	OPEN		https://pathoplexus.org/about/terms-of-use/open-data	PP_00640YP	https://pathoplexus.org/seq/PP_00640YP	MZ008474.1	https://www.ncbi.nlm.nih.gov/nuccore/MZ008474.1	https://pathoplexus.org/about/terms-of-use/open-data	
PP_006410K|2014	representatives	PP_006410K	https://pathoplexus.org/seq/PP_006410K	Nicaragua	Nicaragua	OPEN		https://pathoplexus.org/about/terms-of-use/open-data	PP_006410K	https://pathoplexus.org/seq/PP_006410K	MZ008476.1	https://www.ncbi.nlm.nih.gov/nuccore/MZ008476.1	https://pathoplexus.org/about/terms-of-use/open-data	
PP_0064D07|2019-03	representatives	PP_0064D07	https://pathoplexus.org/seq/PP_0064D07	Kenya	Kenya	OPEN		https://pathoplexus.org/about/terms-of-use/open-data	PP_0064D07	https://pathoplexus.org/seq/PP_0064D07	MZ544587.1	https://www.ncbi.nlm.nih.gov/nuccore/MZ544587.1	https://pathoplexus.org/about/terms-of-use/open-data	
PP_0064JJZ|1991-09-17	representatives	PP_0064JJZ	https://pathoplexus.org/seq/PP_0064JJZ	Thailand	Thailand	OPEN		https://pathoplexus.org/about/terms-of-use/open-data	PP_0064JJZ	https://pathoplexus.org/seq/PP_0064JJZ	MZ857226.1	https://www.ncbi.nlm.nih.gov/nuccore/MZ857226.1	https://pathoplexus.org/about/terms-of-use/open-data	
PP_0064QKR|1989	representatives	PP_0064QKR	https://pathoplexus.org/seq/PP_0064QKR	Thailand	Thailand	OPEN		https://pathoplexus.org/about/terms-of-use/open-data	PP_0064QKR	https://pathoplexus.org/seq/PP_0064QKR	OK469354.1	https://www.ncbi.nlm.nih.gov/nuccore/OK469354.1	https://pathoplexus.org/about/terms-of-use/open-data	
PP_0064QLP|1973	representatives	PP_0064QLP	https://pathoplexus.org/seq/PP_0064QLP	Myanmar	Myanmar	OPEN		https://pathoplexus.org/about/terms-of-use/open-data	PP_0064QLP	https://pathoplexus.org/seq/PP_0064QLP	OK469355.1	https://www.ncbi.nlm.nih.gov/nuccore/OK469355.1	https://pathoplexus.org/about/terms-of-use/open-data	
PP_0064QMM|1976	representatives	PP_0064QMM	https://pathoplexus.org/seq/PP_0064QMM	Myanmar	Myanmar	OPEN		https://pathoplexus.org/about/terms-of-use/open-data	PP_0064QMM	https://pathoplexus.org/seq/PP_0064QMM	OK469356.1	https://www.ncbi.nlm.nih.gov/nuccore/OK469356.1	https://pathoplexus.org/about/terms-of-use/open-data	
PP_0064S2Q|2007	representatives	PP_0064S2Q	https://pathoplexus.org/seq/PP_0064S2Q	Paraguay	Paraguay	OPEN		https://pathoplexus.org/about/terms-of-use/open-data	PP_0064S2Q	https://pathoplexus.org/seq/PP_0064S2Q	OK605762.1	https://www.ncbi.nlm.nih.gov/nuccore/OK605762.1	https://pathoplexus.org/about/terms-of-use/open-data	
PP_0064WWX|1953	representatives	PP_0064WWX	https://pathoplexus.org/seq/PP_0064WWX	Puerto Rico	Puerto Rico	OPEN		https://pathoplexus.org/about/terms-of-use/open-data	PP_0064WWX	https://pathoplexus.org/seq/PP_0064WWX	OM258630.1	https://www.ncbi.nlm.nih.gov/nuccore/OM258630.1	https://pathoplexus.org/about/terms-of-use/open-data	
PP_0065K0Z|2013-06	representatives	PP_0065K0Z	https://pathoplexus.org/seq/PP_0065K0Z	Reunion	Réunion	OPEN		https://pathoplexus.org/about/terms-of-use/open-data	PP_0065K0Z	https://pathoplexus.org/seq/PP_0065K0Z	OR236120.1	https://www.ncbi.nlm.nih.gov/nuccore/OR236120.1	https://pathoplexus.org/about/terms-of-use/open-data	
PP_0065K1X|2016-02	representatives	PP_0065K1X	https://pathoplexus.org/seq/PP_0065K1X	Reunion	Réunion	OPEN		https://pathoplexus.org/about/terms-of-use/open-data	PP_0065K1X	https://pathoplexus.org/seq/PP_0065K1X	OR236121.1	https://www.ncbi.nlm.nih.gov/nuccore/OR236121.1	https://pathoplexus.org/about/terms-of-use/open-data	
PP_00662CQ|2021-08	representatives	PP_00662CQ	https://pathoplexus.org/seq/PP_00662CQ	Bangladesh	Bangladesh	OPEN		https://pathoplexus.org/about/terms-of-use/open-data	PP_00662CQ	https://pathoplexus.org/seq/PP_00662CQ	ON116130.1	https://www.ncbi.nlm.nih.gov/nuccore/ON116130.1	https://pathoplexus.org/about/terms-of-use/open-data	
PP_006648W|2018	representatives	PP_006648W	https://pathoplexus.org/seq/PP_006648W	India	India	OPEN		https://pathoplexus.org/about/terms-of-use/open-data	PP_006648W	https://pathoplexus.org/seq/PP_006648W	ON123669.1	https://www.ncbi.nlm.nih.gov/nuccore/ON123669.1	https://pathoplexus.org/about/terms-of-use/open-data	
PP_0066KTA|2019-06-01	representatives	PP_0066KTA	https://pathoplexus.org/seq/PP_0066KTA	China	China	OPEN		https://pathoplexus.org/about/terms-of-use/open-data	PP_0066KTA	https://pathoplexus.org/seq/PP_0066KTA	ON908245.1	https://www.ncbi.nlm.nih.gov/nuccore/ON908245.1	https://pathoplexus.org/about/terms-of-use/open-data	
PP_0066RXW|2008-09	representatives	PP_0066RXW	https://pathoplexus.org/seq/PP_0066RXW	Singapore	Singapore	OPEN		https://pathoplexus.org/about/terms-of-use/open-data	PP_0066RXW	https://pathoplexus.org/seq/PP_0066RXW	OP410993.1	https://www.ncbi.nlm.nih.gov/nuccore/OP410993.1	https://pathoplexus.org/about/terms-of-use/open-data	
PP_0066RZS|2014-10	representatives	PP_0066RZS	https://pathoplexus.org/seq/PP_0066RZS	Singapore	Singapore	OPEN		https://pathoplexus.org/about/terms-of-use/open-data	PP_0066RZS	https://pathoplexus.org/seq/PP_0066RZS	OP410995.1	https://www.ncbi.nlm.nih.gov/nuccore/OP410995.1	https://pathoplexus.org/about/terms-of-use/open-data	
PP_006759R|2018	representatives	PP_006759R	https://pathoplexus.org/seq/PP_006759R	India	India	OPEN		https://pathoplexus.org/about/terms-of-use/open-data	PP_006759R	https://pathoplexus.org/seq/PP_006759R	OP895705.1	https://www.ncbi.nlm.nih.gov/nuccore/OP895705.1	https://pathoplexus.org/about/terms-of-use/open-data	
PP_0068HZW|2015	representatives	PP_0068HZW	https://pathoplexus.org/seq/PP_0068HZW	Colombia	Colombia	OPEN		https://pathoplexus.org/about/terms-of-use/open-data	PP_0068HZW	https://pathoplexus.org/seq/PP_0068HZW	OQ603310.1	https://www.ncbi.nlm.nih.gov/nuccore/OQ603310.1	https://pathoplexus.org/about/terms-of-use/open-data	
PP_0068J0U|2015	representatives	PP_0068J0U	https://pathoplexus.org/seq/PP_0068J0U	Colombia	Colombia	OPEN		https://pathoplexus.org/about/terms-of-use/open-data	PP_0068J0U	https://pathoplexus.org/seq/PP_0068J0U	OQ603311.1	https://www.ncbi.nlm.nih.gov/nuccore/OQ603311.1	https://pathoplexus.org/about/terms-of-use/open-data	
PP_0068L2N|2022-09	representatives	PP_0068L2N	https://pathoplexus.org/seq/PP_0068L2N	Nepal	Nepal	OPEN		https://pathoplexus.org/about/terms-of-use/open-data	PP_0068L2N	https://pathoplexus.org/seq/PP_0068L2N	OQ714406.1	https://www.ncbi.nlm.nih.gov/nuccore/OQ714406.1	https://pathoplexus.org/about/terms-of-use/open-data	
PP_0069026|2022-08-11	representatives	PP_0069026	https://pathoplexus.org/seq/PP_0069026	USA	USA	OPEN		https://pathoplexus.org/about/terms-of-use/open-data	PP_0069026	https://pathoplexus.org/seq/PP_0069026	OQ821614.1	https://www.ncbi.nlm.nih.gov/nuccore/OQ821614.1	https://pathoplexus.org/about/terms-of-use/open-data	
PP_0069P2H|2019-09	representatives	PP_0069P2H	https://pathoplexus.org/seq/PP_0069P2H	China	China	OPEN		https://pathoplexus.org/about/terms-of-use/open-data	PP_0069P2H	https://pathoplexus.org/seq/PP_0069P2H	OR053670.1	https://www.ncbi.nlm.nih.gov/nuccore/OR053670.1	https://pathoplexus.org/about/terms-of-use/open-data	
PP_0069ZVL|2020-09	representatives	PP_0069ZVL	https://pathoplexus.org/seq/PP_0069ZVL	Martinique	Martinique	OPEN		https://pathoplexus.org/about/terms-of-use/open-data	PP_0069ZVL	https://pathoplexus.org/seq/PP_0069ZVL	OR229983.1	https://www.ncbi.nlm.nih.gov/nuccore/OR229983.1	https://pathoplexus.org/about/terms-of-use/open-data	
PP_006AXYE|2008	representatives	PP_006AXYE	https://pathoplexus.org/seq/PP_006AXYE	Saint Kitts and Nevis	Saint Kitts and Nevis	OPEN		https://pathoplexus.org/about/terms-of-use/open-data	PP_006AXYE	https://pathoplexus.org/seq/PP_006AXYE	OR389037.1	https://www.ncbi.nlm.nih.gov/nuccore/OR389037.1	https://pathoplexus.org/about/terms-of-use/open-data	
PP_006AXZC|2004	representatives	PP_006AXZC	https://pathoplexus.org/seq/PP_006AXZC	Sri Lanka	Sri Lanka	OPEN		https://pathoplexus.org/about/terms-of-use/open-data	PP_006AXZC	https://pathoplexus.org/seq/PP_006AXZC	OR389038.1	https://www.ncbi.nlm.nih.gov/nuccore/OR389038.1	https://pathoplexus.org/about/terms-of-use/open-data	
PP_006B06U|1966	representatives	PP_006B06U	https://pathoplexus.org/seq/PP_006B06U	India	India	OPEN		https://pathoplexus.org/about/terms-of-use/open-data	PP_006B06U	https://pathoplexus.org/seq/PP_006B06U	OR389336.1	https://www.ncbi.nlm.nih.gov/nuccore/OR389336.1	https://pathoplexus.org/about/terms-of-use/open-data	
PP_006B08Q|1984	representatives	PP_006B08Q	https://pathoplexus.org/seq/PP_006B08Q	Indonesia	Indonesia	OPEN		https://pathoplexus.org/about/terms-of-use/open-data	PP_006B08Q	https://pathoplexus.org/seq/PP_006B08Q	OR389338.1	https://www.ncbi.nlm.nih.gov/nuccore/OR389338.1	https://pathoplexus.org/about/terms-of-use/open-data	
PP_006B24W|2019-07-04	representatives	PP_006B24W	https://pathoplexus.org/seq/PP_006B24W	Sri Lanka	Sri Lanka	OPEN		https://pathoplexus.org/about/terms-of-use/open-data	PP_006B24W	https://pathoplexus.org/seq/PP_006B24W	OR393973.1	https://www.ncbi.nlm.nih.gov/nuccore/OR393973.1	https://pathoplexus.org/about/terms-of-use/open-data	
PP_006B29L|2019-08-05	representatives	PP_006B29L	https://pathoplexus.org/seq/PP_006B29L	Sri Lanka	Sri Lanka	OPEN		https://pathoplexus.org/about/terms-of-use/open-data	PP_006B29L	https://pathoplexus.org/seq/PP_006B29L	OR393978.1	https://www.ncbi.nlm.nih.gov/nuccore/OR393978.1	https://pathoplexus.org/about/terms-of-use/open-data	
PP_006B3VC|2019-11-29	representatives	PP_006B3VC	https://pathoplexus.org/seq/PP_006B3VC	Sri Lanka	Sri Lanka	OPEN		https://pathoplexus.org/about/terms-of-use/open-data	PP_006B3VC	https://pathoplexus.org/seq/PP_006B3VC	OR394032.1	https://www.ncbi.nlm.nih.gov/nuccore/OR394032.1	https://pathoplexus.org/about/terms-of-use/open-data	
PP_006B6E6|2015-03-11	representatives	PP_006B6E6	https://pathoplexus.org/seq/PP_006B6E6	Philippines	Philippines	OPEN		https://pathoplexus.org/about/terms-of-use/open-data	PP_006B6E6	https://pathoplexus.org/seq/PP_006B6E6	OR477108.1	https://www.ncbi.nlm.nih.gov/nuccore/OR477108.1	https://pathoplexus.org/about/terms-of-use/open-data	
PP_006B6Z1|2017-01-31	representatives	PP_006B6Z1	https://pathoplexus.org/seq/PP_006B6Z1	Philippines	Philippines	OPEN		https://pathoplexus.org/about/terms-of-use/open-data	PP_006B6Z1	https://pathoplexus.org/seq/PP_006B6Z1	OR477127.1	https://www.ncbi.nlm.nih.gov/nuccore/OR477127.1	https://pathoplexus.org/about/terms-of-use/open-data	
PP_006B7BB|2017-12-11	representatives	PP_006B7BB	https://pathoplexus.org/seq/PP_006B7BB	Philippines	Philippines	OPEN		https://pathoplexus.org/about/terms-of-use/open-data	PP_006B7BB	https://pathoplexus.org/seq/PP_006B7BB	OR477139.1	https://www.ncbi.nlm.nih.gov/nuccore/OR477139.1	https://pathoplexus.org/about/terms-of-use/open-data	
PP_006B7KU|2018-07-06	representatives	PP_006B7KU	https://pathoplexus.org/seq/PP_006B7KU	Philippines	Philippines	OPEN		https://pathoplexus.org/about/terms-of-use/open-data	PP_006B7KU	https://pathoplexus.org/seq/PP_006B7KU	OR477147.1	https://www.ncbi.nlm.nih.gov/nuccore/OR477147.1	https://pathoplexus.org/about/terms-of-use/open-data	
PP_006B7LS|2018-08-05	representatives	PP_006B7LS	https://pathoplexus.org/seq/PP_006B7LS	Philippines	Philippines	OPEN		https://pathoplexus.org/about/terms-of-use/open-data	PP_006B7LS	https://pathoplexus.org/seq/PP_006B7LS	OR477148.1	https://www.ncbi.nlm.nih.gov/nuccore/OR477148.1	https://pathoplexus.org/about/terms-of-use/open-data	
PP_006B7UA|2018-10-01	representatives	PP_006B7UA	https://pathoplexus.org/seq/PP_006B7UA	Philippines	Philippines	OPEN		https://pathoplexus.org/about/terms-of-use/open-data	PP_006B7UA	https://pathoplexus.org/seq/PP_006B7UA	OR477156.1	https://www.ncbi.nlm.nih.gov/nuccore/OR477156.1	https://pathoplexus.org/about/terms-of-use/open-data	
PP_006B85N|2019-07-18	representatives	PP_006B85N	https://pathoplexus.org/seq/PP_006B85N	Philippines	Philippines	OPEN		https://pathoplexus.org/about/terms-of-use/open-data	PP_006B85N	https://pathoplexus.org/seq/PP_006B85N	OR477167.1	https://www.ncbi.nlm.nih.gov/nuccore/OR477167.1	https://pathoplexus.org/about/terms-of-use/open-data	
PP_006B8AC|2019-07-22	representatives	PP_006B8AC	https://pathoplexus.org/seq/PP_006B8AC	Philippines	Philippines	OPEN		https://pathoplexus.org/about/terms-of-use/open-data	PP_006B8AC	https://pathoplexus.org/seq/PP_006B8AC	OR477172.1	https://www.ncbi.nlm.nih.gov/nuccore/OR477172.1	https://pathoplexus.org/about/terms-of-use/open-data	
PP_006B8BA|2019-07-26	representatives	PP_006B8BA	https://pathoplexus.org/seq/PP_006B8BA	Philippines	Philippines	OPEN		https://pathoplexus.org/about/terms-of-use/open-data	PP_006B8BA	https://pathoplexus.org/seq/PP_006B8BA	OR477173.1	https://www.ncbi.nlm.nih.gov/nuccore/OR477173.1	https://pathoplexus.org/about/terms-of-use/open-data	
PP_006B8C8|2019-07-28	representatives	PP_006B8C8	https://pathoplexus.org/seq/PP_006B8C8	Philippines	Philippines	OPEN		https://pathoplexus.org/about/terms-of-use/open-data	PP_006B8C8	https://pathoplexus.org/seq/PP_006B8C8	OR477174.1	https://www.ncbi.nlm.nih.gov/nuccore/OR477174.1	https://pathoplexus.org/about/terms-of-use/open-data	
PP_006BCZV|2023-08-15	representatives	PP_006BCZV	https://pathoplexus.org/seq/PP_006BCZV	Italy	Italy	OPEN		https://pathoplexus.org/about/terms-of-use/open-data	PP_006BCZV	https://pathoplexus.org/seq/PP_006BCZV	OR578395.1	https://www.ncbi.nlm.nih.gov/nuccore/OR578395.1	https://pathoplexus.org/about/terms-of-use/open-data	
PP_006BF7B|2023-08-21	representatives	PP_006BF7B	https://pathoplexus.org/seq/PP_006BF7B	Dominican Republic	Dominican Republic	OPEN		https://pathoplexus.org/about/terms-of-use/open-data	PP_006BF7B	https://pathoplexus.org/seq/PP_006BF7B	OR616499.1	https://www.ncbi.nlm.nih.gov/nuccore/OR616499.1	https://pathoplexus.org/about/terms-of-use/open-data	
PP_006BGHP|2016-12-04	representatives	PP_006BGHP	https://pathoplexus.org/seq/PP_006BGHP	Taiwan	Taiwan	OPEN		https://pathoplexus.org/about/terms-of-use/open-data	PP_006BGHP	https://pathoplexus.org/seq/PP_006BGHP	OR618322.1	https://www.ncbi.nlm.nih.gov/nuccore/OR618322.1	https://pathoplexus.org/about/terms-of-use/open-data	
PP_006BMCV|2023-08-28	representatives	PP_006BMCV	https://pathoplexus.org/seq/PP_006BMCV	USA	USA	OPEN		https://pathoplexus.org/about/terms-of-use/open-data	PP_006BMCV	https://pathoplexus.org/seq/PP_006BMCV	OR821935.1	https://www.ncbi.nlm.nih.gov/nuccore/OR821935.1	https://pathoplexus.org/about/terms-of-use/open-data	
PP_006D2AE|2019-07-01	representatives	PP_006D2AE	https://pathoplexus.org/seq/PP_006D2AE	Philippines	Philippines	OPEN		https://pathoplexus.org/about/terms-of-use/open-data	PP_006D2AE	https://pathoplexus.org/seq/PP_006D2AE	PP234923.1	https://www.ncbi.nlm.nih.gov/nuccore/PP234923.1	https://pathoplexus.org/about/terms-of-use/open-data	
PP_006DJKD|2012-09-17	representatives	PP_006DJKD	https://pathoplexus.org/seq/PP_006DJKD	Viet Nam	Vietnam	OPEN		https://pathoplexus.org/about/terms-of-use/open-data	PP_006DJKD	https://pathoplexus.org/seq/PP_006DJKD	PP269951.1	https://www.ncbi.nlm.nih.gov/nuccore/PP269951.1	https://pathoplexus.org/about/terms-of-use/open-data	
PP_006DJWR|2013-11-27	representatives	PP_006DJWR	https://pathoplexus.org/seq/PP_006DJWR	Viet Nam	Vietnam	OPEN		https://pathoplexus.org/about/terms-of-use/open-data	PP_006DJWR	https://pathoplexus.org/seq/PP_006DJWR	PP269962.1	https://www.ncbi.nlm.nih.gov/nuccore/PP269962.1	https://pathoplexus.org/about/terms-of-use/open-data	
PP_006DJXP|2013-12-02	representatives	PP_006DJXP	https://pathoplexus.org/seq/PP_006DJXP	Viet Nam	Vietnam	OPEN		https://pathoplexus.org/about/terms-of-use/open-data	PP_006DJXP	https://pathoplexus.org/seq/PP_006DJXP	PP269963.1	https://www.ncbi.nlm.nih.gov/nuccore/PP269963.1	https://pathoplexus.org/about/terms-of-use/open-data	
PP_006DK73|2012-09-13	representatives	PP_006DK73	https://pathoplexus.org/seq/PP_006DK73	Viet Nam	Vietnam	OPEN		https://pathoplexus.org/about/terms-of-use/open-data	PP_006DK73	https://pathoplexus.org/seq/PP_006DK73	PP269973.1	https://www.ncbi.nlm.nih.gov/nuccore/PP269973.1	https://pathoplexus.org/about/terms-of-use/open-data	
PP_006DKAX|2015-03-25	representatives	PP_006DKAX	https://pathoplexus.org/seq/PP_006DKAX	Viet Nam	Vietnam	OPEN		https://pathoplexus.org/about/terms-of-use/open-data	PP_006DKAX	https://pathoplexus.org/seq/PP_006DKAX	PP269976.1	https://www.ncbi.nlm.nih.gov/nuccore/PP269976.1	https://pathoplexus.org/about/terms-of-use/open-data	
PP_006DZRL|2023-07-04	representatives	PP_006DZRL	https://pathoplexus.org/seq/PP_006DZRL	Thailand	Thailand	OPEN		https://pathoplexus.org/about/terms-of-use/open-data	PP_006DZRL	https://pathoplexus.org/seq/PP_006DZRL	PP563871.1	https://www.ncbi.nlm.nih.gov/nuccore/PP563871.1	https://pathoplexus.org/about/terms-of-use/open-data	
PP_006E5ZW|2008-04-22	representatives	PP_006E5ZW	https://pathoplexus.org/seq/PP_006E5ZW	Spain	Spain	OPEN		https://pathoplexus.org/about/terms-of-use/open-data	PP_006E5ZW	https://pathoplexus.org/seq/PP_006E5ZW	PP815633.1	https://www.ncbi.nlm.nih.gov/nuccore/PP815633.1	https://pathoplexus.org/about/terms-of-use/open-data	
PP_006EQFE|2023-06-05	representatives	PP_006EQFE	https://pathoplexus.org/seq/PP_006EQFE	Sri Lanka	Sri Lanka	OPEN		https://pathoplexus.org/about/terms-of-use/open-data	PP_006EQFE	https://pathoplexus.org/seq/PP_006EQFE	PP766873.1	https://www.ncbi.nlm.nih.gov/nuccore/PP766873.1	https://pathoplexus.org/about/terms-of-use/open-data	
PP_006F4C4|2024-03-13	representatives	PP_006F4C4	https://pathoplexus.org/seq/PP_006F4C4	Russia	Russia	OPEN		https://pathoplexus.org/about/terms-of-use/open-data	PP_006F4C4	https://pathoplexus.org/seq/PP_006F4C4	PP968117.1	https://www.ncbi.nlm.nih.gov/nuccore/PP968117.1	https://pathoplexus.org/about/terms-of-use/open-data	
PP_006F6WZ|2024-03-04	representatives	PP_006F6WZ	https://pathoplexus.org/seq/PP_006F6WZ	Colombia	Colombia	OPEN		https://pathoplexus.org/about/terms-of-use/open-data	PP_006F6WZ	https://pathoplexus.org/seq/PP_006F6WZ	PP983031.1	https://www.ncbi.nlm.nih.gov/nuccore/PP983031.1	https://pathoplexus.org/about/terms-of-use/open-data	
PP_006F7HQ|2022-04-15	representatives	PP_006F7HQ	https://pathoplexus.org/seq/PP_006F7HQ	Indonesia	Indonesia	OPEN		https://pathoplexus.org/about/terms-of-use/open-data	PP_006F7HQ	https://pathoplexus.org/seq/PP_006F7HQ	PP994656.1	https://www.ncbi.nlm.nih.gov/nuccore/PP994656.1	https://pathoplexus.org/about/terms-of-use/open-data	
PP_006F7KL|2022-06-20	representatives	PP_006F7KL	https://pathoplexus.org/seq/PP_006F7KL	Indonesia	Indonesia	OPEN		https://pathoplexus.org/about/terms-of-use/open-data	PP_006F7KL	https://pathoplexus.org/seq/PP_006F7KL	PP994658.1	https://www.ncbi.nlm.nih.gov/nuccore/PP994658.1	https://pathoplexus.org/about/terms-of-use/open-data	
PP_006F7U2|2022-10-17	representatives	PP_006F7U2	https://pathoplexus.org/seq/PP_006F7U2	Indonesia	Indonesia	OPEN		https://pathoplexus.org/about/terms-of-use/open-data	PP_006F7U2	https://pathoplexus.org/seq/PP_006F7U2	PP994667.1	https://www.ncbi.nlm.nih.gov/nuccore/PP994667.1	https://pathoplexus.org/about/terms-of-use/open-data	
PP_006F8U1|2023-07-12	representatives	PP_006F8U1	https://pathoplexus.org/seq/PP_006F8U1	Ethiopia	Ethiopia	OPEN		https://pathoplexus.org/about/terms-of-use/open-data	PP_006F8U1	https://pathoplexus.org/seq/PP_006F8U1	PQ014888.1	https://www.ncbi.nlm.nih.gov/nuccore/PQ014888.1	https://pathoplexus.org/about/terms-of-use/open-data	
PP_006F9T2|2023-10-10	representatives	PP_006F9T2	https://pathoplexus.org/seq/PP_006F9T2	China	China	OPEN		https://pathoplexus.org/about/terms-of-use/open-data	PP_006F9T2	https://pathoplexus.org/seq/PP_006F9T2	PQ084661.1	https://www.ncbi.nlm.nih.gov/nuccore/PQ084661.1	https://pathoplexus.org/about/terms-of-use/open-data	
PP_006FAJK|2024-05	representatives	PP_006FAJK	https://pathoplexus.org/seq/PP_006FAJK	Australia	Australia	OPEN		https://pathoplexus.org/about/terms-of-use/open-data	PP_006FAJK	https://pathoplexus.org/seq/PP_006FAJK	PQ119856.1	https://www.ncbi.nlm.nih.gov/nuccore/PQ119856.1	https://pathoplexus.org/about/terms-of-use/open-data	
PP_006FGP3|2019-05-14	representatives	PP_006FGP3	https://pathoplexus.org/seq/PP_006FGP3	Kenya	Kenya	OPEN		https://pathoplexus.org/about/terms-of-use/open-data	PP_006FGP3	https://pathoplexus.org/seq/PP_006FGP3	PQ218497.1	https://www.ncbi.nlm.nih.gov/nuccore/PQ218497.1	https://pathoplexus.org/about/terms-of-use/open-data	
PP_006FGSX|2019-05-15	representatives	PP_006FGSX	https://pathoplexus.org/seq/PP_006FGSX	Kenya	Kenya	OPEN		https://pathoplexus.org/about/terms-of-use/open-data	PP_006FGSX	https://pathoplexus.org/seq/PP_006FGSX	PQ218500.1	https://www.ncbi.nlm.nih.gov/nuccore/PQ218500.1	https://pathoplexus.org/about/terms-of-use/open-data	
PP_006FJAU|2024-07-17	representatives	PP_006FJAU	https://pathoplexus.org/seq/PP_006FJAU	USA	USA	OPEN		https://pathoplexus.org/about/terms-of-use/open-data	PP_006FJAU	https://pathoplexus.org/seq/PP_006FJAU	PQ340820.1	https://www.ncbi.nlm.nih.gov/nuccore/PQ340820.1	https://pathoplexus.org/about/terms-of-use/open-data	
PP_006FY1Y|2024-08-13	representatives	PP_006FY1Y	https://pathoplexus.org/seq/PP_006FY1Y	USA	USA	OPEN		https://pathoplexus.org/about/terms-of-use/open-data	PP_006FY1Y	https://pathoplexus.org/seq/PP_006FY1Y	PQ617128.1	https://www.ncbi.nlm.nih.gov/nuccore/PQ617128.1	https://pathoplexus.org/about/terms-of-use/open-data	
PP_006G4JP|2024-08-29	representatives	PP_006G4JP	https://pathoplexus.org/seq/PP_006G4JP	India	India	OPEN		https://pathoplexus.org/about/terms-of-use/open-data	PP_006G4JP	https://pathoplexus.org/seq/PP_006G4JP	PQ780163.1	https://www.ncbi.nlm.nih.gov/nuccore/PQ780163.1	https://pathoplexus.org/about/terms-of-use/open-data	
PP_006G4KM|2024-09-03	representatives	PP_006G4KM	https://pathoplexus.org/seq/PP_006G4KM	India	India	OPEN		https://pathoplexus.org/about/terms-of-use/open-data	PP_006G4KM	https://pathoplexus.org/seq/PP_006G4KM	PQ780164.1	https://www.ncbi.nlm.nih.gov/nuccore/PQ780164.1	https://pathoplexus.org/about/terms-of-use/open-data	
PP_006GDAX|2024-05-13	representatives	PP_006GDAX	https://pathoplexus.org/seq/PP_006GDAX	Colombia	Colombia	OPEN		https://pathoplexus.org/about/terms-of-use/open-data	PP_006GDAX	https://pathoplexus.org/seq/PP_006GDAX	PQ851494.1	https://www.ncbi.nlm.nih.gov/nuccore/PQ851494.1	https://pathoplexus.org/about/terms-of-use/open-data	
PP_006GDHG|2024-06-13	representatives	PP_006GDHG	https://pathoplexus.org/seq/PP_006GDHG	Colombia	Colombia	OPEN		https://pathoplexus.org/about/terms-of-use/open-data	PP_006GDHG	https://pathoplexus.org/seq/PP_006GDHG	PQ851501.1	https://www.ncbi.nlm.nih.gov/nuccore/PQ851501.1	https://pathoplexus.org/about/terms-of-use/open-data	
PP_006GE2C|2024-11-08	representatives	PP_006GE2C	https://pathoplexus.org/seq/PP_006GE2C	USA	USA	OPEN		https://pathoplexus.org/about/terms-of-use/open-data	PP_006GE2C	https://pathoplexus.org/seq/PP_006GE2C	PQ868291.1	https://www.ncbi.nlm.nih.gov/nuccore/PQ868291.1	https://pathoplexus.org/about/terms-of-use/open-data	
PP_006GE48|2024-01-25	representatives	PP_006GE48	https://pathoplexus.org/seq/PP_006GE48	Brazil	Brazil	OPEN		https://pathoplexus.org/about/terms-of-use/open-data	PP_006GE48	https://pathoplexus.org/seq/PP_006GE48	PQ882223.1	https://www.ncbi.nlm.nih.gov/nuccore/PQ882223.1	https://pathoplexus.org/about/terms-of-use/open-data	
PP_006GG0E|2014-02-09	representatives	PP_006GG0E	https://pathoplexus.org/seq/PP_006GG0E	Colombia	Colombia	OPEN		https://pathoplexus.org/about/terms-of-use/open-data	PP_006GG0E	https://pathoplexus.org/seq/PP_006GG0E	PV088277.1	https://www.ncbi.nlm.nih.gov/nuccore/PV088277.1	https://pathoplexus.org/about/terms-of-use/open-data	
PP_006GL18|2024-03	representatives	PP_006GL18	https://pathoplexus.org/seq/PP_006GL18	Indonesia	Indonesia	OPEN		https://pathoplexus.org/about/terms-of-use/open-data	PP_006GL18	https://pathoplexus.org/seq/PP_006GL18	PV291830.1	https://www.ncbi.nlm.nih.gov/nuccore/PV291830.1	https://pathoplexus.org/about/terms-of-use/open-data	
PP_006GL8U|2024-08-06	representatives	PP_006GL8U	https://pathoplexus.org/seq/PP_006GL8U	India	India	OPEN		https://pathoplexus.org/about/terms-of-use/open-data	PP_006GL8U	https://pathoplexus.org/seq/PP_006GL8U	PV342627.1	https://www.ncbi.nlm.nih.gov/nuccore/PV342627.1	https://pathoplexus.org/about/terms-of-use/open-data	
PP_006GLK5|2024-07-27	representatives	PP_006GLK5	https://pathoplexus.org/seq/PP_006GLK5	India	India	OPEN		https://pathoplexus.org/about/terms-of-use/open-data	PP_006GLK5	https://pathoplexus.org/seq/PP_006GLK5	PV344214.1	https://www.ncbi.nlm.nih.gov/nuccore/PV344214.1	https://pathoplexus.org/about/terms-of-use/open-data	
PP_006GLUM|2024-07-02	representatives	PP_006GLUM	https://pathoplexus.org/seq/PP_006GLUM	India	India	OPEN		https://pathoplexus.org/about/terms-of-use/open-data	PP_006GLUM	https://pathoplexus.org/seq/PP_006GLUM	PV344222.1	https://www.ncbi.nlm.nih.gov/nuccore/PV344222.1	https://pathoplexus.org/about/terms-of-use/open-data	
PP_006GWF4|2023-10-05	representatives	PP_006GWF4	https://pathoplexus.org/seq/PP_006GWF4	Mali	Mali	OPEN		https://pathoplexus.org/about/terms-of-use/open-data	PP_006GWF4	https://pathoplexus.org/seq/PP_006GWF4	PV474413.1	https://www.ncbi.nlm.nih.gov/nuccore/PV474413.1	https://pathoplexus.org/about/terms-of-use/open-data	
PP_006GWG2|2023-10-13	representatives	PP_006GWG2	https://pathoplexus.org/seq/PP_006GWG2	Mali	Mali	OPEN		https://pathoplexus.org/about/terms-of-use/open-data	PP_006GWG2	https://pathoplexus.org/seq/PP_006GWG2	PV474414.1	https://www.ncbi.nlm.nih.gov/nuccore/PV474414.1	https://pathoplexus.org/about/terms-of-use/open-data	
PP_006GWHZ|2023-10-14	representatives	PP_006GWHZ	https://pathoplexus.org/seq/PP_006GWHZ	Mali	Mali	OPEN		https://pathoplexus.org/about/terms-of-use/open-data	PP_006GWHZ	https://pathoplexus.org/seq/PP_006GWHZ	PV474415.1	https://www.ncbi.nlm.nih.gov/nuccore/PV474415.1	https://pathoplexus.org/about/terms-of-use/open-data	
PP_006GWJX|2023-10-19	representatives	PP_006GWJX	https://pathoplexus.org/seq/PP_006GWJX	Mali	Mali	OPEN		https://pathoplexus.org/about/terms-of-use/open-data	PP_006GWJX	https://pathoplexus.org/seq/PP_006GWJX	PV474416.1	https://www.ncbi.nlm.nih.gov/nuccore/PV474416.1	https://pathoplexus.org/about/terms-of-use/open-data	
PP_006GWKV|2023-10-20	representatives	PP_006GWKV	https://pathoplexus.org/seq/PP_006GWKV	Mali	Mali	OPEN		https://pathoplexus.org/about/terms-of-use/open-data	PP_006GWKV	https://pathoplexus.org/seq/PP_006GWKV	PV474417.1	https://www.ncbi.nlm.nih.gov/nuccore/PV474417.1	https://pathoplexus.org/about/terms-of-use/open-data	
PP_006GWNP|2023-10-25	representatives	PP_006GWNP	https://pathoplexus.org/seq/PP_006GWNP	Mali	Mali	OPEN		https://pathoplexus.org/about/terms-of-use/open-data	PP_006GWNP	https://pathoplexus.org/seq/PP_006GWNP	PV474420.1	https://www.ncbi.nlm.nih.gov/nuccore/PV474420.1	https://pathoplexus.org/about/terms-of-use/open-data	
PP_006HC9X|2020	representatives	PP_006HC9X	https://pathoplexus.org/seq/PP_006HC9X	Brazil	Brazil	OPEN		https://pathoplexus.org/about/terms-of-use/open-data	PP_006HC9X	https://pathoplexus.org/seq/PP_006HC9X	PV685005.1	https://www.ncbi.nlm.nih.gov/nuccore/PV685005.1	https://pathoplexus.org/about/terms-of-use/open-data	
PP_006HEHC|2023-04-18	representatives	PP_006HEHC	https://pathoplexus.org/seq/PP_006HEHC	Kenya	Kenya	OPEN		https://pathoplexus.org/about/terms-of-use/open-data	PP_006HEHC	https://pathoplexus.org/seq/PP_006HEHC	PV717395.1	https://www.ncbi.nlm.nih.gov/nuccore/PV717395.1	https://pathoplexus.org/about/terms-of-use/open-data	
PP_006HH8U|2009-08-16	representatives	PP_006HH8U	https://pathoplexus.org/seq/PP_006HH8U	Thailand	Thailand	OPEN		https://pathoplexus.org/about/terms-of-use/open-data	PP_006HH8U	https://pathoplexus.org/seq/PP_006HH8U	PV855845.1	https://www.ncbi.nlm.nih.gov/nuccore/PV855845.1	https://pathoplexus.org/about/terms-of-use/open-data	
PP_006HHDJ|2008-03-24	representatives	PP_006HHDJ	https://pathoplexus.org/seq/PP_006HHDJ	Thailand	Thailand	OPEN		https://pathoplexus.org/about/terms-of-use/open-data	PP_006HHDJ	https://pathoplexus.org/seq/PP_006HHDJ	PV855850.1	https://www.ncbi.nlm.nih.gov/nuccore/PV855850.1	https://pathoplexus.org/about/terms-of-use/open-data	
PP_006HZNH|2023-05-20	representatives	PP_006HZNH	https://pathoplexus.org/seq/PP_006HZNH	Somalia	Somalia	OPEN		https://pathoplexus.org/about/terms-of-use/open-data	PP_006HZNH	https://pathoplexus.org/seq/PP_006HZNH	PX461643.1	https://www.ncbi.nlm.nih.gov/nuccore/PX461643.1	https://pathoplexus.org/about/terms-of-use/open-data	
PP_006HZXZ|2023-07-11	representatives	PP_006HZXZ	https://pathoplexus.org/seq/PP_006HZXZ	Somalia	Somalia	OPEN		https://pathoplexus.org/about/terms-of-use/open-data	PP_006HZXZ	https://pathoplexus.org/seq/PP_006HZXZ	PX461652.1	https://www.ncbi.nlm.nih.gov/nuccore/PX461652.1	https://pathoplexus.org/about/terms-of-use/open-data	
PP_006J30N|2017-07-01	representatives	PP_006J30N	https://pathoplexus.org/seq/PP_006J30N	Philippines	Philippines	OPEN		https://pathoplexus.org/about/terms-of-use/open-data	PP_006J30N	https://pathoplexus.org/seq/PP_006J30N	PX480339.1	https://www.ncbi.nlm.nih.gov/nuccore/PX480339.1	https://pathoplexus.org/about/terms-of-use/open-data	
PP_006J3GQ|2018-04-24	representatives	PP_006J3GQ	https://pathoplexus.org/seq/PP_006J3GQ	Philippines	Philippines	OPEN		https://pathoplexus.org/about/terms-of-use/open-data	PP_006J3GQ	https://pathoplexus.org/seq/PP_006J3GQ	PX480355.1	https://www.ncbi.nlm.nih.gov/nuccore/PX480355.1	https://pathoplexus.org/about/terms-of-use/open-data	
PP_006J44D|2018-09-18	representatives	PP_006J44D	https://pathoplexus.org/seq/PP_006J44D	Philippines	Philippines	OPEN		https://pathoplexus.org/about/terms-of-use/open-data	PP_006J44D	https://pathoplexus.org/seq/PP_006J44D	PX480377.1	https://www.ncbi.nlm.nih.gov/nuccore/PX480377.1	https://pathoplexus.org/about/terms-of-use/open-data	
PP_006J45B|2018-09-10	representatives	PP_006J45B	https://pathoplexus.org/seq/PP_006J45B	Philippines	Philippines	OPEN		https://pathoplexus.org/about/terms-of-use/open-data	PP_006J45B	https://pathoplexus.org/seq/PP_006J45B	PX480378.1	https://www.ncbi.nlm.nih.gov/nuccore/PX480378.1	https://pathoplexus.org/about/terms-of-use/open-data	
PP_006J477|2018-09-22	representatives	PP_006J477	https://pathoplexus.org/seq/PP_006J477	Philippines	Philippines	OPEN		https://pathoplexus.org/about/terms-of-use/open-data	PP_006J477	https://pathoplexus.org/seq/PP_006J477	PX480380.1	https://www.ncbi.nlm.nih.gov/nuccore/PX480380.1	https://pathoplexus.org/about/terms-of-use/open-data	
PP_006J4CX|2018-11-08	representatives	PP_006J4CX	https://pathoplexus.org/seq/PP_006J4CX	Philippines	Philippines	OPEN		https://pathoplexus.org/about/terms-of-use/open-data	PP_006J4CX	https://pathoplexus.org/seq/PP_006J4CX	PX480385.1	https://www.ncbi.nlm.nih.gov/nuccore/PX480385.1	https://pathoplexus.org/about/terms-of-use/open-data	
PP_006J4NA|2019-01-04	representatives	PP_006J4NA	https://pathoplexus.org/seq/PP_006J4NA	Philippines	Philippines	OPEN		https://pathoplexus.org/about/terms-of-use/open-data	PP_006J4NA	https://pathoplexus.org/seq/PP_006J4NA	PX480395.1	https://www.ncbi.nlm.nih.gov/nuccore/PX480395.1	https://pathoplexus.org/about/terms-of-use/open-data	
PP_006J4S2|2019-01-29	representatives	PP_006J4S2	https://pathoplexus.org/seq/PP_006J4S2	Philippines	Philippines	OPEN		https://pathoplexus.org/about/terms-of-use/open-data	PP_006J4S2	https://pathoplexus.org/seq/PP_006J4S2	PX480399.1	https://www.ncbi.nlm.nih.gov/nuccore/PX480399.1	https://pathoplexus.org/about/terms-of-use/open-data	
PP_006J53E|2019-07-14	representatives	PP_006J53E	https://pathoplexus.org/seq/PP_006J53E	Philippines	Philippines	OPEN		https://pathoplexus.org/about/terms-of-use/open-data	PP_006J53E	https://pathoplexus.org/seq/PP_006J53E	PX480410.1	https://www.ncbi.nlm.nih.gov/nuccore/PX480410.1	https://pathoplexus.org/about/terms-of-use/open-data	
PP_006J5DU|2019-08-17	representatives	PP_006J5DU	https://pathoplexus.org/seq/PP_006J5DU	Philippines	Philippines	OPEN		https://pathoplexus.org/about/terms-of-use/open-data	PP_006J5DU	https://pathoplexus.org/seq/PP_006J5DU	PX480420.1	https://www.ncbi.nlm.nih.gov/nuccore/PX480420.1	https://pathoplexus.org/about/terms-of-use/open-data	
PP_006J5ES|2019-08-14	representatives	PP_006J5ES	https://pathoplexus.org/seq/PP_006J5ES	Philippines	Philippines	OPEN		https://pathoplexus.org/about/terms-of-use/open-data	PP_006J5ES	https://pathoplexus.org/seq/PP_006J5ES	PX480421.1	https://www.ncbi.nlm.nih.gov/nuccore/PX480421.1	https://pathoplexus.org/about/terms-of-use/open-data	
PP_006J5VV|2021-01-18	representatives	PP_006J5VV	https://pathoplexus.org/seq/PP_006J5VV	Philippines	Philippines	OPEN		https://pathoplexus.org/about/terms-of-use/open-data	PP_006J5VV	https://pathoplexus.org/seq/PP_006J5VV	PX480436.1	https://www.ncbi.nlm.nih.gov/nuccore/PX480436.1	https://pathoplexus.org/about/terms-of-use/open-data	
PP_006J5P7|2019-09-11	examples	PP_006J5P7	https://pathoplexus.org/seq/PP_006J5P7	Philippines	Philippines	OPEN		https://pathoplexus.org/about/terms-of-use/open-data	PP_006J5P7	https://pathoplexus.org/seq/PP_006J5P7	PX480430.1	https://www.ncbi.nlm.nih.gov/nuccore/PX480430.1	https://pathoplexus.org/about/terms-of-use/open-data	
PP_006HEGF|2023-06-13	examples	PP_006HEGF	https://pathoplexus.org/seq/PP_006HEGF	Kenya	Kenya	OPEN		https://pathoplexus.org/about/terms-of-use/open-data	PP_006HEGF	https://pathoplexus.org/seq/PP_006HEGF	PV717394.1	https://www.ncbi.nlm.nih.gov/nuccore/PV717394.1	https://pathoplexus.org/about/terms-of-use/open-data	
PP_006GLTP|2024-06-27	examples	PP_006GLTP	https://pathoplexus.org/seq/PP_006GLTP	India	India	OPEN		https://pathoplexus.org/about/terms-of-use/open-data	PP_006GLTP	https://pathoplexus.org/seq/PP_006GLTP	PV344221.1	https://www.ncbi.nlm.nih.gov/nuccore/PV344221.1	https://pathoplexus.org/about/terms-of-use/open-data	
PP_006GDLA|2024-07-13	examples	PP_006GDLA	https://pathoplexus.org/seq/PP_006GDLA	Colombia	Colombia	OPEN		https://pathoplexus.org/about/terms-of-use/open-data	PP_006GDLA	https://pathoplexus.org/seq/PP_006GDLA	PQ851504.1	https://www.ncbi.nlm.nih.gov/nuccore/PQ851504.1	https://pathoplexus.org/about/terms-of-use/open-data	
PP_006CZ4X|2020	examples	PP_006CZ4X	https://pathoplexus.org/seq/PP_006CZ4X	Indonesia	Indonesia	OPEN		https://pathoplexus.org/about/terms-of-use/open-data	PP_006CZ4X	https://pathoplexus.org/seq/PP_006CZ4X	PP152132.1	https://www.ncbi.nlm.nih.gov/nuccore/PP152132.1	https://pathoplexus.org/about/terms-of-use/open-data	
PP_006FGTV|2019-05-15	examples	PP_006FGTV	https://pathoplexus.org/seq/PP_006FGTV	Kenya	Kenya	OPEN		https://pathoplexus.org/about/terms-of-use/open-data	PP_006FGTV	https://pathoplexus.org/seq/PP_006FGTV	PQ218501.1	https://www.ncbi.nlm.nih.gov/nuccore/PQ218501.1	https://pathoplexus.org/about/terms-of-use/open-data	
PP_006F9ZQ|2023-09-10	examples	PP_006F9ZQ	https://pathoplexus.org/seq/PP_006F9ZQ	Italy	Italy	OPEN		https://pathoplexus.org/about/terms-of-use/open-data	PP_006F9ZQ	https://pathoplexus.org/seq/PP_006F9ZQ	PQ109722.1	https://www.ncbi.nlm.nih.gov/nuccore/PQ109722.1	https://pathoplexus.org/about/terms-of-use/open-data	
PP_006B6NP|2015-09-30	examples	PP_006B6NP	https://pathoplexus.org/seq/PP_006B6NP	Philippines	Philippines	OPEN		https://pathoplexus.org/about/terms-of-use/open-data	PP_006B6NP	https://pathoplexus.org/seq/PP_006B6NP	OR477116.1	https://www.ncbi.nlm.nih.gov/nuccore/OR477116.1	https://pathoplexus.org/about/terms-of-use/open-data	
PP_006B6TD|2016-07-29	examples	PP_006B6TD	https://pathoplexus.org/seq/PP_006B6TD	Philippines	Philippines	OPEN		https://pathoplexus.org/about/terms-of-use/open-data	PP_006B6TD	https://pathoplexus.org/seq/PP_006B6TD	OR477121.1	https://www.ncbi.nlm.nih.gov/nuccore/OR477121.1	https://pathoplexus.org/about/terms-of-use/open-data	
PP_006B76M|2017-09-22	examples	PP_006B76M	https://pathoplexus.org/seq/PP_006B76M	Philippines	Philippines	OPEN		https://pathoplexus.org/about/terms-of-use/open-data	PP_006B76M	https://pathoplexus.org/seq/PP_006B76M	OR477134.1	https://www.ncbi.nlm.nih.gov/nuccore/OR477134.1	https://pathoplexus.org/about/terms-of-use/open-data	
PP_006B8E4|2019-07-29	examples	PP_006B8E4	https://pathoplexus.org/seq/PP_006B8E4	Philippines	Philippines	OPEN		https://pathoplexus.org/about/terms-of-use/open-data	PP_006B8E4	https://pathoplexus.org/seq/PP_006B8E4	OR477176.1	https://www.ncbi.nlm.nih.gov/nuccore/OR477176.1	https://pathoplexus.org/about/terms-of-use/open-data	
PP_006F8R7|2023-06-26	examples	PP_006F8R7	https://pathoplexus.org/seq/PP_006F8R7	Ethiopia	Ethiopia	OPEN		https://pathoplexus.org/about/terms-of-use/open-data	PP_006F8R7	https://pathoplexus.org/seq/PP_006F8R7	PQ014885.1	https://www.ncbi.nlm.nih.gov/nuccore/PQ014885.1	https://pathoplexus.org/about/terms-of-use/open-data	
PP_0068ZUQ|2019-08-12	examples	PP_0068ZUQ	https://pathoplexus.org/seq/PP_0068ZUQ	Jamaica	Jamaica	OPEN		https://pathoplexus.org/about/terms-of-use/open-data	PP_0068ZUQ	https://pathoplexus.org/seq/PP_0068ZUQ	OQ821607.1	https://www.ncbi.nlm.nih.gov/nuccore/OQ821607.1	https://pathoplexus.org/about/terms-of-use/open-data	
PP_0056TXV|2005	examples	PP_0056TXV	https://pathoplexus.org/seq/PP_0056TXV	Singapore	Singapore	OPEN		https://pathoplexus.org/about/terms-of-use/open-data	PP_0056TXV	https://pathoplexus.org/seq/PP_0056TXV	EU081183.1	https://www.ncbi.nlm.nih.gov/nuccore/EU081183.1	https://pathoplexus.org/about/terms-of-use/open-data	
PP_005R83Y|2010	examples	PP_005R83Y	https://pathoplexus.org/seq/PP_005R83Y	Malaysia	Malaysia	OPEN		https://pathoplexus.org/about/terms-of-use/open-data	PP_005R83Y	https://pathoplexus.org/seq/PP_005R83Y	LT996911.1	https://www.ncbi.nlm.nih.gov/nuccore/LT996911.1	https://pathoplexus.org/about/terms-of-use/open-data	
PP_0059MXV|1997	examples	PP_0059MXV	https://pathoplexus.org/seq/PP_0059MXV	Sri Lanka	Sri Lanka	OPEN		https://pathoplexus.org/about/terms-of-use/open-data	PP_0059MXV	https://pathoplexus.org/seq/PP_0059MXV	GQ252674.1	https://www.ncbi.nlm.nih.gov/nuccore/GQ252674.1	https://pathoplexus.org/about/terms-of-use/open-data	
PP_005FGHG|2011	examples	PP_005FGHG	https://pathoplexus.org/seq/PP_005FGHG	Nicaragua	Nicaragua	OPEN		https://pathoplexus.org/about/terms-of-use/open-data	PP_005FGHG	https://pathoplexus.org/seq/PP_005FGHG	KF973477.1	https://www.ncbi.nlm.nih.gov/nuccore/KF973477.1	https://pathoplexus.org/about/terms-of-use/open-data	
PP_005FHYK|2007	examples	PP_005FHYK	https://pathoplexus.org/seq/PP_005FHYK	Peru	Peru	OPEN		https://pathoplexus.org/about/terms-of-use/open-data	PP_005FHYK	https://pathoplexus.org/seq/PP_005FHYK	KJ189277.1	https://www.ncbi.nlm.nih.gov/nuccore/KJ189277.1	https://pathoplexus.org/about/terms-of-use/open-data	
PP_0059ARJ|2007	examples	PP_0059ARJ	https://pathoplexus.org/seq/PP_0059ARJ	Mexico	Mexico	OPEN		https://pathoplexus.org/about/terms-of-use/open-data	PP_0059ARJ	https://pathoplexus.org/seq/PP_0059ARJ	FJ898442.1	https://www.ncbi.nlm.nih.gov/nuccore/FJ898442.1	https://pathoplexus.org/about/terms-of-use/open-data	
PP_005XEQ5|2016-01-20	examples	PP_005XEQ5	https://pathoplexus.org/seq/PP_005XEQ5	Singapore	Singapore	OPEN		https://pathoplexus.org/about/terms-of-use/open-data	PP_005XEQ5	https://pathoplexus.org/seq/PP_005XEQ5	MN453624.1	https://www.ncbi.nlm.nih.gov/nuccore/MN453624.1	https://pathoplexus.org/about/terms-of-use/open-data	
PP_0066J8G|2019-11-09	examples	PP_0066J8G	https://pathoplexus.org/seq/PP_0066J8G	Ethiopia	Ethiopia	OPEN		https://pathoplexus.org/about/terms-of-use/open-data	PP_0066J8G	https://pathoplexus.org/seq/PP_0066J8G	ON890788.1	https://www.ncbi.nlm.nih.gov/nuccore/ON890788.1	https://pathoplexus.org/about/terms-of-use/open-data	
PP_005QKRC|2016-05-15	examples	PP_005QKRC	https://pathoplexus.org/seq/PP_005QKRC	Gabon	Gabon	OPEN		https://pathoplexus.org/about/terms-of-use/open-data	PP_005QKRC	https://pathoplexus.org/seq/PP_005QKRC	LC379193.1	https://www.ncbi.nlm.nih.gov/nuccore/LC379193.1	https://pathoplexus.org/about/terms-of-use/open-data	
PP_0057Q1P|2006	examples	PP_0057Q1P	https://pathoplexus.org/seq/PP_0057Q1P	Viet Nam	Vietnam	OPEN		https://pathoplexus.org/about/terms-of-use/open-data	PP_0057Q1P	https://pathoplexus.org/seq/PP_0057Q1P	EU660410.1	https://www.ncbi.nlm.nih.gov/nuccore/EU660410.1	https://pathoplexus.org/about/terms-of-use/open-data	
PP_0063T2R|1997	examples	PP_0063T2R	https://pathoplexus.org/seq/PP_0063T2R	Thailand	Thailand	OPEN		https://pathoplexus.org/about/terms-of-use/open-data	PP_0063T2R	https://pathoplexus.org/seq/PP_0063T2R	MW946766.1	https://www.ncbi.nlm.nih.gov/nuccore/MW946766.1	https://pathoplexus.org/about/terms-of-use/open-data	
PP_005XCR5|2010-04-19	examples	PP_005XCR5	https://pathoplexus.org/seq/PP_005XCR5	Thailand	Thailand	OPEN		https://pathoplexus.org/about/terms-of-use/open-data	PP_005XCR5	https://pathoplexus.org/seq/PP_005XCR5	MN448950.1	https://www.ncbi.nlm.nih.gov/nuccore/MN448950.1	https://pathoplexus.org/about/terms-of-use/open-data	
PP_005PCZ5|2006	examples	PP_005PCZ5	https://pathoplexus.org/seq/PP_005PCZ5	Thailand	Thailand	OPEN		https://pathoplexus.org/about/terms-of-use/open-data	PP_005PCZ5	https://pathoplexus.org/seq/PP_005PCZ5	KY586703.1	https://www.ncbi.nlm.nih.gov/nuccore/KY586703.1	https://pathoplexus.org/about/terms-of-use/open-data	
PP_005PDJ0|2000	examples	PP_005PDJ0	https://pathoplexus.org/seq/PP_005PDJ0	Thailand	Thailand	OPEN		https://pathoplexus.org/about/terms-of-use/open-data	PP_005PDJ0	https://pathoplexus.org/seq/PP_005PDJ0	KY586722.1	https://www.ncbi.nlm.nih.gov/nuccore/KY586722.1	https://pathoplexus.org/about/terms-of-use/open-data	
PP_005A9AE|2005	examples	PP_005A9AE	https://pathoplexus.org/seq/PP_005A9AE	Cambodia	Cambodia	OPEN		https://pathoplexus.org/about/terms-of-use/open-data	PP_005A9AE	https://pathoplexus.org/seq/PP_005A9AE	GU131904.1	https://www.ncbi.nlm.nih.gov/nuccore/GU131904.1	https://pathoplexus.org/about/terms-of-use/open-data	
PP_0063TV4|2006	examples	PP_0063TV4	https://pathoplexus.org/seq/PP_0063TV4	Thailand	Thailand	OPEN		https://pathoplexus.org/about/terms-of-use/open-data	PP_0063TV4	https://pathoplexus.org/seq/PP_0063TV4	MW946793.1	https://www.ncbi.nlm.nih.gov/nuccore/MW946793.1	https://pathoplexus.org/about/terms-of-use/open-data	
PP_005FDFQ|1983	examples	PP_005FDFQ	https://pathoplexus.org/seq/PP_005FDFQ	Sri Lanka	Sri Lanka	OPEN		https://pathoplexus.org/about/terms-of-use/open-data	PP_005FDFQ	https://pathoplexus.org/seq/PP_005FDFQ	KF955476.1	https://www.ncbi.nlm.nih.gov/nuccore/KF955476.1	https://pathoplexus.org/about/terms-of-use/open-data	
PP_0059B4S|1991	examples	PP_0059B4S	https://pathoplexus.org/seq/PP_0059B4S	Cook Islands	Cook Islands	OPEN		https://pathoplexus.org/about/terms-of-use/open-data	PP_0059B4S	https://pathoplexus.org/seq/PP_0059B4S	FJ898455.1	https://www.ncbi.nlm.nih.gov/nuccore/FJ898455.1	https://pathoplexus.org/about/terms-of-use/open-data	
PP_005WRBP|2017-09-18	examples	PP_005WRBP	https://pathoplexus.org/seq/PP_005WRBP	China	China	OPEN		https://pathoplexus.org/about/terms-of-use/open-data	PP_005WRBP	https://pathoplexus.org/seq/PP_005WRBP	MN018387.1	https://www.ncbi.nlm.nih.gov/nuccore/MN018387.1	https://pathoplexus.org/about/terms-of-use/open-data	
PP_005WKM8|2018-02-05	examples	PP_005WKM8	https://pathoplexus.org/seq/PP_005WKM8	China	China	OPEN		https://pathoplexus.org/about/terms-of-use/open-data	PP_005WKM8	https://pathoplexus.org/seq/PP_005WKM8	MK894338.1	https://www.ncbi.nlm.nih.gov/nuccore/MK894338.1	https://pathoplexus.org/about/terms-of-use/open-data	
PP_0060FM4|2019-07-04	examples	PP_0060FM4	https://pathoplexus.org/seq/PP_0060FM4	Bangladesh	Bangladesh	OPEN		https://pathoplexus.org/about/terms-of-use/open-data	PP_0060FM4	https://pathoplexus.org/seq/PP_0060FM4	MW396465.1	https://www.ncbi.nlm.nih.gov/nuccore/MW396465.1	https://pathoplexus.org/about/terms-of-use/open-data	
PP_005FE2F|2007	examples	PP_005FE2F	https://pathoplexus.org/seq/PP_005FE2F	Brazil	Brazil	OPEN		https://pathoplexus.org/about/terms-of-use/open-data	PP_005FE2F	https://pathoplexus.org/seq/PP_005FE2F	KF955497.1	https://www.ncbi.nlm.nih.gov/nuccore/KF955497.1	https://pathoplexus.org/about/terms-of-use/open-data	
PP_006BFA5|2023-08-21	examples	PP_006BFA5	https://pathoplexus.org/seq/PP_006BFA5	Dominican Republic	Dominican Republic	OPEN		https://pathoplexus.org/about/terms-of-use/open-data	PP_006BFA5	https://pathoplexus.org/seq/PP_006BFA5	OR616502.1	https://www.ncbi.nlm.nih.gov/nuccore/OR616502.1	https://pathoplexus.org/about/terms-of-use/open-data	
PP_006B23Y|2019-07-02	examples	PP_006B23Y	https://pathoplexus.org/seq/PP_006B23Y	Sri Lanka	Sri Lanka	OPEN		https://pathoplexus.org/about/terms-of-use/open-data	PP_006B23Y	https://pathoplexus.org/seq/PP_006B23Y	OR393972.1	https://www.ncbi.nlm.nih.gov/nuccore/OR393972.1	https://pathoplexus.org/about/terms-of-use/open-data	
PP_006B0AL|1986	examples	PP_006B0AL	https://pathoplexus.org/seq/PP_006B0AL	Indonesia	Indonesia	OPEN		https://pathoplexus.org/about/terms-of-use/open-data	PP_006B0AL	https://pathoplexus.org/seq/PP_006B0AL	OR389340.1	https://www.ncbi.nlm.nih.gov/nuccore/OR389340.1	https://pathoplexus.org/about/terms-of-use/open-data	
