{
  "alignmentParams": {
    "excessBandwidth": 100,
    "terminalBandwidth": 300,
    "allowedMismatches": 8,
    "windowSize": 40,
    "minSeedCover": 0.1,
    "gapAlignmentSide": "left"
  },
  "attributes": {
    "name": "Mpox virus (All clades)",
    "reference accession": "NC_063383.1",
    "reference name": "MPXV-M5312_HM12_Rivers"
  },
  "compatibility": {
    "cli": "3.0.0-alpha.0",
    "web": "3.0.0-alpha.0"
  },
  "deprecated": false,
  "enabled": true,
  "experimental": false,
  "files": {
    "changelog": "CHANGELOG.md",
    "examples": "sequences.fasta",
    "genomeAnnotation": "genome_annotation.gff3",
    "pathogenJson": "pathogen.json",
    "readme": "README.md",
    "reference": "reference.fasta",
    "treeJson": "tree.json"
  },
  "official": true,
  "qc": {
    "frameShifts": {
      "enabled": true,
      "ignoredFrameShifts": [
        {
          "codonRange": {
            "begin": 3,
            "end": 589
          },
          "cdsName": "OPG003"
        },
        {
          "codonRange": {
            "begin": 3,
            "end": 589
          },
          "cdsName": "OPG003_dup"
        },
        {
          "codonRange": {
            "begin": 281,
            "end": 285
          },
          "cdsName": "OPG105"
        },
        {
          "codonRange": {
            "begin": 227,
            "end": 229
          },
          "cdsName": "OPG164"
        },
        {
          "codonRange": {
            "begin": 554,
            "end": 560
          },
          "cdsName": "OPG180"
        },
        {
          "codonRange": {
            "begin": 42,
            "end": 101
          },
          "cdsName": "OPG197"
        },
        {
          "codonRange": {
            "begin": 443,
            "end": 443
          },
          "cdsName": "OPG037"
        },
        {
          "codonRange": {
            "begin": 57,
            "end": 443
          },
          "cdsName": "OPG037"
        },
        {
          "codonRange": {
            "begin": 481,
            "end": 483
          },
          "cdsName": "OPG047"
        },
        {
          "codonRange": {
            "begin": 482,
            "end": 483
          },
          "cdsName": "OPG047"
        },
        {
          "codonRange": {
            "begin": 72,
            "end": 76
          },
          "cdsName": "OPG050"
        },
        {
          "codonRange": {
            "begin": 369,
            "end": 371
          },
          "cdsName": "OPG153"
        },
        {
          "codonRange": {
            "begin": 370,
            "end": 371
          },
          "cdsName": "OPG153"
        },
        {
          "codonRange": {
            "begin": 166,
            "end": 169
          },
          "cdsName": "OPG191"
        },
        {
          "codonRange": {
            "begin": 72,
            "end": 222
          },
          "cdsName": "OPG195"
        },
        {
          "codonRange": {
            "begin": 208,
            "end": 222
          },
          "cdsName": "OPG195"
        },
        {
          "codonRange": {
            "begin": 289,
            "end": 346
          },
          "cdsName": "OPG174"
        }
      ],
      "scoreWeight": 20
    },
    "missingData": {
      "enabled": true,
      "missingDataThreshold": 20000,
      "scoreBias": 1000
    },
    "mixedSites": {
      "enabled": true,
      "mixedSitesThreshold": 40
    },
    "privateMutations": {
      "cutoff": 300,
      "enabled": true,
      "typical": 50,
      "weightLabeledSubstitutions": 6,
      "weightReversionSubstitutions": 6,
      "weightUnlabeledSubstitutions": 1
    },
    "snpClusters": {
      "clusterCutOff": 10,
      "enabled": false,
      "scoreWeight": 10,
      "windowSize": 100
    },
    "stopCodons": {
      "enabled": true,
      "ignoredStopCodons": [
        {
          "codon": 187,
          "cdsName": "OPG015_dup"
        },
        {
          "codon": 187,
          "cdsName": "OPG015"
        },
        {
          "codon": 21,
          "cdsName": "OPG176"
        },
        {
          "codon": 299,
          "cdsName": "OPG187"
        },
        {
          "codon": 48,
          "cdsName": "OPG059"
        }
      ],
      "scoreWeight": 20
    }
  },
  "schemaVersion": "3.0.0",
  "shortcuts": [
    "MPXV",
    "nextstrain/mpox"
  ],
  "version": {
    "tag": "unreleased",
    "compatibility": {
      "cli": "3.0.0-alpha.0",
      "web": "3.0.0-alpha.0"
    }
  }
}
