{
  "schemaVersion": "3.0.0",
  "attributes": {
    "name": "Coxsackievirus A16",
    "reference name": "Coxsackievirus A16 G-10, complete genome.",
    "reference accession": "U05876.1"
  },
  "files": {
    "reference": "reference-CVA16.fasta",
    "pathogenJson": "pathogen.json",
    "genomeAnnotation": "genome_annotation.gff3",
    "treeJson": "tree-CVA16.json",
    "examples": "sequences-CVA16.fasta",
    "readme": "README.md",
    "changelog": "CHANGELOG.md"
  },
  "version": {
    "tag": "unreleased"
  }
}
