{
  "$schema": "https://raw.githubusercontent.com/nextstrain/nextclade/refs/heads/release/packages/nextclade-schemas/input-pathogen-json.schema.json",
  "schemaVersion": "3.0.0",
  "alignmentParams": {
    "excessBandwidth": 9,
    "terminalBandwidth": 100,
    "allowedMismatches": 4,
    "gapAlignmentSide": "right",
    "minSeedCover": 0.1
  },
  "compatibility": {
    "cli": "3.0.0-alpha.0",
    "web": "3.0.0-alpha.0"
  },
  "defaultCds": "NA",
  "files": {
    "changelog": "CHANGELOG.md",
    "examples": "sequences.fasta",
    "genomeAnnotation": "genome_annotation.gff3",
    "pathogenJson": "pathogen.json",
    "readme": "README.md",
    "reference": "reference.fasta",
    "treeJson": "tree.json"
  },
  "qc": {
    "privateMutations": {
      "enabled": true,
      "typical": 5,
      "cutoff": 15,
      "weightLabeledSubstitutions": 2,
      "weightReversionSubstitutions": 1,
      "weightUnlabeledSubstitutions": 1
    },
    "missingData": {
      "enabled": false,
      "missingDataThreshold": 100,
      "scoreBias": 10
    },
    "snpClusters": {
      "enabled": false,
      "windowSize": 100,
      "clusterCutOff": 5,
      "scoreWeight": 50
    },
    "mixedSites": {
      "enabled": true,
      "mixedSitesThreshold": 4
    },
    "frameShifts": {
      "enabled": true
    },
    "stopCodons": {
      "enabled": true,
      "ignoredStopCodons": []
    }
  },
  "cdsOrderPreference": [
    "NA"
  ],
  "maintenance": {
    "website": [
      "https://nextstrain.org",
      "https://clades.nextstrain.org"
    ],
    "documentation": [
      "https://github.com/nextstrain/seasonal-flu"
    ],
    "source code": [
      "https://github.com/nextstrain/seasonal_flu"
    ],
    "issues": [
      "https://github.com/nextstrain/seasonal_flu/issues"
    ],
    "organizations": [
      "Nextstrain"
    ],
    "authors": [
      "Nextstrain team <https://nextstrain.org>"
    ]
  },
  "shortcuts": [
    "flu_h3n2_na",
    "nextstrain/flu/h3n2/na",
    "nextstrain/flu/h3n2/na/darwin-6-2021"
  ],
  "aaMotifs": [
    {
      "name": "glycosylation",
      "nameShort": "Glyc.",
      "nameFriendly": "Glycosylation",
      "description": "N-linked glycosylation motifs (N-X-S/T with X any amino acid other than P)",
      "includeCdses": [
        {
          "cds": "NA",
          "ranges": [
            {
              "begin": 33,
              "end": 470
            }
          ]
        }
      ],
      "motifs": [
        "N[^P][ST]"
      ]
    }
  ],
  "phenotypeData": [
    {
      "name": "NAI",
      "nameFriendly": "NAI",
      "description": "This column displays a score associated with reduced susceptibility to neuraminidase inhibitors. The score is a weighted sum of known substitutions (x1) or major substitutions (x2), while substitutions at positions that confer resistance but are to amino acids not previously described to confer resistance count x0.5.",
      "cds": "NA",
      "aaRange": {
        "begin": 0,
        "end": 460
      },
      "data": [
        {
          "name": "NAI_markers",
          "weight": 1,
          "locations": {
            "118": {
              "D": 1,
              "I": 2,
              "V": 2,
              "default": 0.5
            },
            "135": {
              "K": 1,
              "default": 0.5
            },
            "141": {
              "S": 2,
              "default": 0.5
            },
            "150": {
              "A": 1,
              "E": 1,
              "G": 1,
              "default": 0.5
            },
            "221": {
              "L": 1,
              "default": 0.5
            },
            "223": {
              "K": 2,
              "default": 0.5
            },
            "244": {
              "Y": 1,
              "-": 1,
              "default": 0.5
            },
            "245": {
              "-": 1,
              "default": 0.5
            },
            "246": {
              "-": 1,
              "default": 0.5
            },
            "247": {
              "-": 1,
              "default": 0.5
            },
            "248": {
              "E": 1,
              "-": 1,
              "default": 0.5
            },
            "249": {
              "-": 1,
              "default": 0.5
            },
            "275": {
              "D": 1,
              "default": 0.5
            },
            "291": {
              "K": 2,
              "default": 0.5
            },
            "293": {
              "K": 2,
              "default": 0.5
            },
            "371": {
              "K": 1,
              "default": 0.5
            }
          }
        }
      ]
    }
  ],
  "mutLabelMap": {
    "aaMutLabelMap": {
      "NA:119": [
        "NAI"
      ],
      "NA:136": [
        "NAI"
      ],
      "NA:142": [
        "NAI"
      ],
      "NA:151": [
        "NAI"
      ],
      "NA:222": [
        "NAI"
      ],
      "NA:224": [
        "NAI"
      ],
      "NA:245": [
        "NAI"
      ],
      "NA:246": [
        "NAI"
      ],
      "NA:247": [
        "NAI"
      ],
      "NA:248": [
        "NAI"
      ],
      "NA:249": [
        "NAI"
      ],
      "NA:250": [
        "NAI"
      ],
      "NA:276": [
        "NAI"
      ],
      "NA:292": [
        "NAI"
      ],
      "NA:294": [
        "NAI"
      ],
      "NA:372": [
        "NAI"
      ]
    }
  },
  "attributes": {
    "name": "Influenza A H3N2 NA",
    "segment": "na",
    "reference accession": "EPI1857215",
    "reference name": "A/Darwin/6/2021"
  },
  "version": {
    "updatedAt": "2026-01-14T08:53:00Z",
    "tag": "2026-01-14--08-53-00Z",
    "compatibility": {
      "cli": "3.0.0-alpha.0",
      "web": "3.0.0-alpha.0"
    }
  }
}
